INFO 2025-05-01 17:24:55,680 autoreload Watching for file changes with StatReloader
INFO 2025-05-01 17:25:17,030 autoreload Watching for file changes with StatReloader
INFO 2025-05-01 17:25:19,257 basehttp "GET / HTTP/1.1" 200 7498
WARNING 2025-05-01 17:25:19,274 log Not Found: /.well-known/appspecific/com.chrome.devtools.json
WARNING 2025-05-01 17:25:19,275 basehttp "GET /.well-known/appspecific/com.chrome.devtools.json HTTP/1.1" 404 3874
WARNING 2025-05-01 17:25:19,338 log Not Found: /favicon.ico
WARNING 2025-05-01 17:25:19,338 basehttp "GET /favicon.ico HTTP/1.1" 404 3763
INFO 2025-05-01 17:25:20,985 basehttp "GET /translate/ HTTP/1.1" 200 11795
WARNING 2025-05-01 17:25:21,001 log Not Found: /.well-known/appspecific/com.chrome.devtools.json
WARNING 2025-05-01 17:25:21,002 basehttp "GET /.well-known/appspecific/com.chrome.devtools.json HTTP/1.1" 404 3874
INFO 2025-05-01 17:25:31,576 basehttp "POST /translate/ HTTP/1.1" 200 78
INFO 2025-05-01 17:25:45,397 basehttp "POST /translate/ HTTP/1.1" 200 931
INFO 2025-05-01 17:26:44,683 basehttp "POST /translate/ HTTP/1.1" 200 749
INFO 2025-05-01 17:27:09,966 basehttp "GET /translate/ HTTP/1.1" 200 11795
WARNING 2025-05-01 17:27:09,978 log Not Found: /.well-known/appspecific/com.chrome.devtools.json
WARNING 2025-05-01 17:27:09,978 basehttp "GET /.well-known/appspecific/com.chrome.devtools.json HTTP/1.1" 404 3874
INFO 2025-05-01 17:30:35,709 basehttp "POST /translate/ HTTP/1.1" 200 458
INFO 2025-05-01 17:30:41,318 basehttp "POST /translate/ HTTP/1.1" 200 749
INFO 2025-05-01 17:30:46,640 basehttp "POST /translate/ HTTP/1.1" 200 869
INFO 2025-05-01 17:30:51,507 basehttp "POST /translate/ HTTP/1.1" 200 804
INFO 2025-05-01 17:38:11,817 basehttp "GET /translate/ HTTP/1.1" 200 11475
INFO 2025-05-01 17:38:36,356 basehttp "POST /translate/ HTTP/1.1" 200 138
INFO 2025-05-01 17:38:47,061 basehttp "GET / HTTP/1.1" 200 7341
INFO 2025-05-01 17:38:48,902 basehttp "GET /accounts/login/ HTTP/1.1" 200 8446
INFO 2025-05-01 17:38:50,575 basehttp "GET / HTTP/1.1" 200 7341
INFO 2025-05-01 17:38:51,254 basehttp "GET /accounts/password-change/ HTTP/1.1" 302 0
INFO 2025-05-01 17:38:51,258 basehttp "GET /accounts/login/?next=/accounts/password-change/ HTTP/1.1" 200 8446
INFO 2025-05-01 17:38:52,625 basehttp "GET / HTTP/1.1" 200 7341
WARNING 2025-05-01 17:38:53,993 log Not Found: /% utl 'translations:login' %
WARNING 2025-05-01 17:38:53,994 basehttp "GET /%%20utl%20'translations:login'%20% HTTP/1.1" 404 3854
INFO 2025-05-01 17:39:21,575 basehttp "GET / HTTP/1.1" 200 7340
INFO 2025-05-01 17:39:21,958 basehttp "GET / HTTP/1.1" 200 7340
WARNING 2025-05-01 17:39:21,961 log Not Found: /favicon.ico
WARNING 2025-05-01 17:39:21,961 basehttp "GET /favicon.ico HTTP/1.1" 404 3763
WARNING 2025-05-01 17:39:22,174 log Not Found: /favicon.ico
WARNING 2025-05-01 17:39:22,174 basehttp "GET /favicon.ico HTTP/1.1" 404 3763
WARNING 2025-05-01 17:39:23,068 log Not Found: /% utl 'translation:login' %
WARNING 2025-05-01 17:39:23,068 basehttp "GET /%%20utl%20'translation:login'%20% HTTP/1.1" 404 3851
INFO 2025-05-01 17:39:38,532 basehttp "GET / HTTP/1.1" 200 7337
WARNING 2025-05-01 17:39:38,741 log Not Found: /favicon.ico
WARNING 2025-05-01 17:39:38,741 basehttp "GET /favicon.ico HTTP/1.1" 404 3763
WARNING 2025-05-01 17:39:39,789 log Not Found: /% utl 'accounts:login' %
WARNING 2025-05-01 17:39:39,790 basehttp "GET /%%20utl%20'accounts:login'%20% HTTP/1.1" 404 3842
INFO 2025-05-01 17:40:13,037 basehttp "GET /accounts/login/ HTTP/1.1" 200 8442
INFO 2025-05-01 17:40:19,173 basehttp "POST /accounts/login/ HTTP/1.1" 302 0
INFO 2025-05-01 17:40:19,177 basehttp "GET /dashboard/ HTTP/1.1" 200 224
INFO 2025-05-01 17:40:23,865 basehttp "GET /accounts/login/ HTTP/1.1" 200 8755
INFO 2025-05-01 17:40:25,677 basehttp "GET /translate/ HTTP/1.1" 200 11791
INFO 2025-05-01 17:40:27,227 basehttp "GET /dashboard/ HTTP/1.1" 200 224
INFO 2025-05-01 17:40:29,343 basehttp "GET /translate/ HTTP/1.1" 200 11791
INFO 2025-05-01 17:40:30,249 basehttp "GET /translate/ HTTP/1.1" 200 11791
INFO 2025-05-01 17:41:02,911 autoreload C:\Users\javie\OneDrive\Escritorio\healthcare\accounts\views.py changed, reloading.
INFO 2025-05-01 17:41:03,287 autoreload Watching for file changes with StatReloader
INFO 2025-05-01 17:41:06,285 basehttp "GET /accounts/login/ HTTP/1.1" 200 8755
INFO 2025-05-01 17:41:06,801 basehttp "GET /accounts/login/ HTTP/1.1" 200 8755
WARNING 2025-05-01 17:41:07,162 log Not Found: /favicon.ico
WARNING 2025-05-01 17:41:07,162 basehttp "GET /favicon.ico HTTP/1.1" 404 3763
INFO 2025-05-01 17:41:17,154 basehttp "POST /accounts/login/ HTTP/1.1" 302 0
INFO 2025-05-01 17:41:17,158 basehttp "GET /dashboard/ HTTP/1.1" 200 224
INFO 2025-05-01 17:41:55,397 autoreload C:\Users\javie\OneDrive\Escritorio\healthcare\accounts\views.py changed, reloading.
INFO 2025-05-01 17:41:55,788 autoreload Watching for file changes with StatReloader
INFO 2025-05-01 17:41:57,745 basehttp "GET /accounts/login/ HTTP/1.1" 200 8755
INFO 2025-05-01 17:41:58,285 basehttp "GET /accounts/login/ HTTP/1.1" 200 8755
WARNING 2025-05-01 17:41:58,667 log Not Found: /favicon.ico
WARNING 2025-05-01 17:41:58,667 basehttp "GET /favicon.ico HTTP/1.1" 404 3763
INFO 2025-05-01 17:41:58,707 basehttp "GET /accounts/login/ HTTP/1.1" 200 8755
WARNING 2025-05-01 17:41:58,965 log Not Found: /favicon.ico
WARNING 2025-05-01 17:41:58,966 basehttp "GET /favicon.ico HTTP/1.1" 404 3763
INFO 2025-05-01 17:42:07,177 basehttp "POST /accounts/login/ HTTP/1.1" 302 0
INFO 2025-05-01 17:42:07,182 basehttp "GET /dashboard/ HTTP/1.1" 200 224
INFO 2025-05-01 17:42:10,032 basehttp "GET /accounts/login/ HTTP/1.1" 200 8755
INFO 2025-05-01 17:42:11,048 basehttp "GET /translate/ HTTP/1.1" 200 11791
WARNING 2025-05-01 17:42:13,629 log Not Found: /translate/% utl 'accounts:login' %
WARNING 2025-05-01 17:42:13,630 basehttp "GET /translate/%%20utl%20'accounts:login'%20% HTTP/1.1" 404 4527
INFO 2025-05-01 17:45:59,558 basehttp "GET /accounts/login/ HTTP/1.1" 200 8755
INFO 2025-05-01 17:46:00,006 basehttp "GET /accounts/login/ HTTP/1.1" 200 8755
WARNING 2025-05-01 17:46:00,404 log Not Found: /favicon.ico
WARNING 2025-05-01 17:46:00,405 basehttp "GET /favicon.ico HTTP/1.1" 404 3763
INFO 2025-05-01 17:46:00,426 basehttp "GET /accounts/login/ HTTP/1.1" 200 8755
WARNING 2025-05-01 17:46:00,665 log Not Found: /favicon.ico
WARNING 2025-05-01 17:46:00,666 basehttp "GET /favicon.ico HTTP/1.1" 404 3763
INFO 2025-05-01 17:46:00,668 basehttp "GET /accounts/login/ HTTP/1.1" 200 8755
INFO 2025-05-01 17:46:05,974 basehttp "POST /accounts/login/ HTTP/1.1" 302 0
INFO 2025-05-01 17:46:05,978 basehttp "GET /dashboard/ HTTP/1.1" 200 224
INFO 2025-05-01 17:46:07,434 basehttp "GET /accounts/login/ HTTP/1.1" 200 8755
WARNING 2025-05-01 17:46:08,617 log Not Found: /accounts/login/% url 'accounts:login' %
WARNING 2025-05-01 17:46:08,617 basehttp "GET /accounts/login/%%20url%20'accounts:login'%20% HTTP/1.1" 404 6837
INFO 2025-05-01 17:49:39,609 autoreload Watching for file changes with StatReloader
INFO 2025-05-01 17:49:43,059 basehttp "GET / HTTP/1.1" 200 7494
WARNING 2025-05-01 17:49:46,031 log Not Found: /% url 'accounts:login' %
WARNING 2025-05-01 17:49:46,031 basehttp "GET /%%20url%20'accounts:login'%20% HTTP/1.1" 404 3842
INFO 2025-05-01 17:51:38,423 autoreload C:\Users\javie\OneDrive\Escritorio\healthcare\accounts\views.py changed, reloading.
INFO 2025-05-01 17:51:38,802 autoreload Watching for file changes with StatReloader
INFO 2025-05-01 17:52:17,428 autoreload C:\Users\javie\OneDrive\Escritorio\healthcare\accounts\views.py changed, reloading.
INFO 2025-05-01 17:52:17,823 autoreload Watching for file changes with StatReloader
INFO 2025-05-01 17:52:57,461 autoreload C:\Users\javie\OneDrive\Escritorio\healthcare\healthcare\settings.py changed, reloading.
INFO 2025-05-01 17:52:57,844 autoreload Watching for file changes with StatReloader
INFO 2025-05-01 17:53:03,517 basehttp "GET / HTTP/1.1" 200 7494
WARNING 2025-05-01 17:53:05,027 log Not Found: /% url 'accounts:login' %
WARNING 2025-05-01 17:53:05,027 basehttp "GET /%%20url%20'accounts:login'%20% HTTP/1.1" 404 3842
INFO 2025-05-01 17:53:15,837 basehttp "GET / HTTP/1.1" 200 7494
WARNING 2025-05-01 17:53:17,999 log Not Found: /% url 'accounts:login' %
WARNING 2025-05-01 17:53:18,000 basehttp "GET /%%20url%20'accounts:login'%20% HTTP/1.1" 404 3842
INFO 2025-05-01 17:53:50,988 autoreload C:\Users\javie\OneDrive\Escritorio\healthcare\healthcare\settings.py changed, reloading.
INFO 2025-05-01 17:53:51,413 autoreload Watching for file changes with StatReloader
INFO 2025-05-01 17:53:53,217 basehttp "GET / HTTP/1.1" 200 7494
WARNING 2025-05-01 17:53:54,539 log Not Found: /% url 'accounts:login' %
WARNING 2025-05-01 17:53:54,540 basehttp "GET /%%20url%20'accounts:login'%20% HTTP/1.1" 404 3842
INFO 2025-05-01 17:54:00,431 autoreload C:\Users\javie\OneDrive\Escritorio\healthcare\healthcare\settings.py changed, reloading.
INFO 2025-05-01 17:54:00,811 autoreload Watching for file changes with StatReloader
INFO 2025-05-01 17:55:14,335 basehttp "GET / HTTP/1.1" 200 7485
ERROR 2025-05-01 17:55:15,671 log Internal Server Error: /accounts/login/
Traceback (most recent call last):
  File "C:\Users\javie\OneDrive\Escritorio\healthcare\venv\Lib\site-packages\django\template\base.py", line 510, in parse
    compile_func = self.tags[command]
                   ~~~~~~~~~^^^^^^^^^
KeyError: 'form|crispy'

During handling of the above exception, another exception occurred:

Traceback (most recent call last):
  File "C:\Users\javie\OneDrive\Escritorio\healthcare\venv\Lib\site-packages\django\core\handlers\exception.py", line 55, in inner
    response = get_response(request)
               ^^^^^^^^^^^^^^^^^^^^^
  File "C:\Users\javie\OneDrive\Escritorio\healthcare\venv\Lib\site-packages\django\core\handlers\base.py", line 197, in _get_response
    response = wrapped_callback(request, *callback_args, **callback_kwargs)
               ^^^^^^^^^^^^^^^^^^^^^^^^^^^^^^^^^^^^^^^^^^^^^^^^^^^^^^^^^^^^
  File "C:\Users\javie\OneDrive\Escritorio\healthcare\accounts\views.py", line 30, in login_view
    return render(request, 'accounts/register.html', {
           ^^^^^^^^^^^^^^^^^^^^^^^^^^^^^^^^^^^^^^^^^^^
  File "C:\Users\javie\OneDrive\Escritorio\healthcare\venv\Lib\site-packages\django\shortcuts.py", line 25, in render
    content = loader.render_to_string(template_name, context, request, using=using)
              ^^^^^^^^^^^^^^^^^^^^^^^^^^^^^^^^^^^^^^^^^^^^^^^^^^^^^^^^^^^^^^^^^^^^^
  File "C:\Users\javie\OneDrive\Escritorio\healthcare\venv\Lib\site-packages\django\template\loader.py", line 61, in render_to_string
    template = get_template(template_name, using=using)
               ^^^^^^^^^^^^^^^^^^^^^^^^^^^^^^^^^^^^^^^^
  File "C:\Users\javie\OneDrive\Escritorio\healthcare\venv\Lib\site-packages\django\template\loader.py", line 15, in get_template
    return engine.get_template(template_name)
           ^^^^^^^^^^^^^^^^^^^^^^^^^^^^^^^^^^
  File "C:\Users\javie\OneDrive\Escritorio\healthcare\venv\Lib\site-packages\django\template\backends\django.py", line 79, in get_template
    return Template(self.engine.get_template(template_name), self)
                    ^^^^^^^^^^^^^^^^^^^^^^^^^^^^^^^^^^^^^^^
  File "C:\Users\javie\OneDrive\Escritorio\healthcare\venv\Lib\site-packages\django\template\engine.py", line 177, in get_template
    template, origin = self.find_template(template_name)
                       ^^^^^^^^^^^^^^^^^^^^^^^^^^^^^^^^^
  File "C:\Users\javie\OneDrive\Escritorio\healthcare\venv\Lib\site-packages\django\template\engine.py", line 159, in find_template
    template = loader.get_template(name, skip=skip)
               ^^^^^^^^^^^^^^^^^^^^^^^^^^^^^^^^^^^^
  File "C:\Users\javie\OneDrive\Escritorio\healthcare\venv\Lib\site-packages\django\template\loaders\cached.py", line 57, in get_template
    template = super().get_template(template_name, skip)
               ^^^^^^^^^^^^^^^^^^^^^^^^^^^^^^^^^^^^^^^^^
  File "C:\Users\javie\OneDrive\Escritorio\healthcare\venv\Lib\site-packages\django\template\loaders\base.py", line 28, in get_template
    return Template(
           ^^^^^^^^^
  File "C:\Users\javie\OneDrive\Escritorio\healthcare\venv\Lib\site-packages\django\template\base.py", line 154, in __init__
    self.nodelist = self.compile_nodelist()
                    ^^^^^^^^^^^^^^^^^^^^^^^
  File "C:\Users\javie\OneDrive\Escritorio\healthcare\venv\Lib\site-packages\django\template\base.py", line 196, in compile_nodelist
    nodelist = parser.parse()
               ^^^^^^^^^^^^^^
  File "C:\Users\javie\OneDrive\Escritorio\healthcare\venv\Lib\site-packages\django\template\base.py", line 518, in parse
    raise self.error(token, e)
  File "C:\Users\javie\OneDrive\Escritorio\healthcare\venv\Lib\site-packages\django\template\base.py", line 516, in parse
    compiled_result = compile_func(self, token)
                      ^^^^^^^^^^^^^^^^^^^^^^^^^
  File "C:\Users\javie\OneDrive\Escritorio\healthcare\venv\Lib\site-packages\django\template\loader_tags.py", line 299, in do_extends
    nodelist = parser.parse()
               ^^^^^^^^^^^^^^
  File "C:\Users\javie\OneDrive\Escritorio\healthcare\venv\Lib\site-packages\django\template\base.py", line 518, in parse
    raise self.error(token, e)
  File "C:\Users\javie\OneDrive\Escritorio\healthcare\venv\Lib\site-packages\django\template\base.py", line 516, in parse
    compiled_result = compile_func(self, token)
                      ^^^^^^^^^^^^^^^^^^^^^^^^^
  File "C:\Users\javie\OneDrive\Escritorio\healthcare\venv\Lib\site-packages\django\template\loader_tags.py", line 234, in do_block
    nodelist = parser.parse(("endblock",))
               ^^^^^^^^^^^^^^^^^^^^^^^^^^^
  File "C:\Users\javie\OneDrive\Escritorio\healthcare\venv\Lib\site-packages\django\template\base.py", line 512, in parse
    self.invalid_block_tag(token, command, parse_until)
  File "C:\Users\javie\OneDrive\Escritorio\healthcare\venv\Lib\site-packages\django\template\base.py", line 567, in invalid_block_tag
    raise self.error(
django.template.exceptions.TemplateSyntaxError: Invalid block tag on line 22: 'form|crispy', expected 'endblock'. Did you forget to register or load this tag?
ERROR 2025-05-01 17:55:15,676 basehttp "GET /accounts/login/ HTTP/1.1" 500 178083
ERROR 2025-05-01 17:55:54,259 log Internal Server Error: /accounts/login/
Traceback (most recent call last):
  File "C:\Users\javie\OneDrive\Escritorio\healthcare\venv\Lib\site-packages\django\template\base.py", line 510, in parse
    compile_func = self.tags[command]
                   ~~~~~~~~~^^^^^^^^^
KeyError: 'form|crispy'

During handling of the above exception, another exception occurred:

Traceback (most recent call last):
  File "C:\Users\javie\OneDrive\Escritorio\healthcare\venv\Lib\site-packages\django\core\handlers\exception.py", line 55, in inner
    response = get_response(request)
               ^^^^^^^^^^^^^^^^^^^^^
  File "C:\Users\javie\OneDrive\Escritorio\healthcare\venv\Lib\site-packages\django\core\handlers\base.py", line 197, in _get_response
    response = wrapped_callback(request, *callback_args, **callback_kwargs)
               ^^^^^^^^^^^^^^^^^^^^^^^^^^^^^^^^^^^^^^^^^^^^^^^^^^^^^^^^^^^^
  File "C:\Users\javie\OneDrive\Escritorio\healthcare\accounts\views.py", line 30, in login_view
    return render(request, 'accounts/register.html', {
           ^^^^^^^^^^^^^^^^^^^^^^^^^^^^^^^^^^^^^^^^^^^
  File "C:\Users\javie\OneDrive\Escritorio\healthcare\venv\Lib\site-packages\django\shortcuts.py", line 25, in render
    content = loader.render_to_string(template_name, context, request, using=using)
              ^^^^^^^^^^^^^^^^^^^^^^^^^^^^^^^^^^^^^^^^^^^^^^^^^^^^^^^^^^^^^^^^^^^^^
  File "C:\Users\javie\OneDrive\Escritorio\healthcare\venv\Lib\site-packages\django\template\loader.py", line 61, in render_to_string
    template = get_template(template_name, using=using)
               ^^^^^^^^^^^^^^^^^^^^^^^^^^^^^^^^^^^^^^^^
  File "C:\Users\javie\OneDrive\Escritorio\healthcare\venv\Lib\site-packages\django\template\loader.py", line 15, in get_template
    return engine.get_template(template_name)
           ^^^^^^^^^^^^^^^^^^^^^^^^^^^^^^^^^^
  File "C:\Users\javie\OneDrive\Escritorio\healthcare\venv\Lib\site-packages\django\template\backends\django.py", line 79, in get_template
    return Template(self.engine.get_template(template_name), self)
                    ^^^^^^^^^^^^^^^^^^^^^^^^^^^^^^^^^^^^^^^
  File "C:\Users\javie\OneDrive\Escritorio\healthcare\venv\Lib\site-packages\django\template\engine.py", line 177, in get_template
    template, origin = self.find_template(template_name)
                       ^^^^^^^^^^^^^^^^^^^^^^^^^^^^^^^^^
  File "C:\Users\javie\OneDrive\Escritorio\healthcare\venv\Lib\site-packages\django\template\engine.py", line 159, in find_template
    template = loader.get_template(name, skip=skip)
               ^^^^^^^^^^^^^^^^^^^^^^^^^^^^^^^^^^^^
  File "C:\Users\javie\OneDrive\Escritorio\healthcare\venv\Lib\site-packages\django\template\loaders\cached.py", line 57, in get_template
    template = super().get_template(template_name, skip)
               ^^^^^^^^^^^^^^^^^^^^^^^^^^^^^^^^^^^^^^^^^
  File "C:\Users\javie\OneDrive\Escritorio\healthcare\venv\Lib\site-packages\django\template\loaders\base.py", line 28, in get_template
    return Template(
           ^^^^^^^^^
  File "C:\Users\javie\OneDrive\Escritorio\healthcare\venv\Lib\site-packages\django\template\base.py", line 154, in __init__
    self.nodelist = self.compile_nodelist()
                    ^^^^^^^^^^^^^^^^^^^^^^^
  File "C:\Users\javie\OneDrive\Escritorio\healthcare\venv\Lib\site-packages\django\template\base.py", line 196, in compile_nodelist
    nodelist = parser.parse()
               ^^^^^^^^^^^^^^
  File "C:\Users\javie\OneDrive\Escritorio\healthcare\venv\Lib\site-packages\django\template\base.py", line 518, in parse
    raise self.error(token, e)
  File "C:\Users\javie\OneDrive\Escritorio\healthcare\venv\Lib\site-packages\django\template\base.py", line 516, in parse
    compiled_result = compile_func(self, token)
                      ^^^^^^^^^^^^^^^^^^^^^^^^^
  File "C:\Users\javie\OneDrive\Escritorio\healthcare\venv\Lib\site-packages\django\template\loader_tags.py", line 299, in do_extends
    nodelist = parser.parse()
               ^^^^^^^^^^^^^^
  File "C:\Users\javie\OneDrive\Escritorio\healthcare\venv\Lib\site-packages\django\template\base.py", line 518, in parse
    raise self.error(token, e)
  File "C:\Users\javie\OneDrive\Escritorio\healthcare\venv\Lib\site-packages\django\template\base.py", line 516, in parse
    compiled_result = compile_func(self, token)
                      ^^^^^^^^^^^^^^^^^^^^^^^^^
  File "C:\Users\javie\OneDrive\Escritorio\healthcare\venv\Lib\site-packages\django\template\loader_tags.py", line 234, in do_block
    nodelist = parser.parse(("endblock",))
               ^^^^^^^^^^^^^^^^^^^^^^^^^^^
  File "C:\Users\javie\OneDrive\Escritorio\healthcare\venv\Lib\site-packages\django\template\base.py", line 512, in parse
    self.invalid_block_tag(token, command, parse_until)
  File "C:\Users\javie\OneDrive\Escritorio\healthcare\venv\Lib\site-packages\django\template\base.py", line 567, in invalid_block_tag
    raise self.error(
django.template.exceptions.TemplateSyntaxError: Invalid block tag on line 22: 'form|crispy', expected 'endblock'. Did you forget to register or load this tag?
ERROR 2025-05-01 17:55:54,263 basehttp "GET /accounts/login/ HTTP/1.1" 500 178348
ERROR 2025-05-01 17:57:24,559 log Internal Server Error: /accounts/login/
Traceback (most recent call last):
  File "C:\Users\javie\OneDrive\Escritorio\healthcare\venv\Lib\site-packages\django\template\base.py", line 510, in parse
    compile_func = self.tags[command]
                   ~~~~~~~~~^^^^^^^^^
KeyError: 'form|crispy'

During handling of the above exception, another exception occurred:

Traceback (most recent call last):
  File "C:\Users\javie\OneDrive\Escritorio\healthcare\venv\Lib\site-packages\django\core\handlers\exception.py", line 55, in inner
    response = get_response(request)
               ^^^^^^^^^^^^^^^^^^^^^
  File "C:\Users\javie\OneDrive\Escritorio\healthcare\venv\Lib\site-packages\django\core\handlers\base.py", line 197, in _get_response
    response = wrapped_callback(request, *callback_args, **callback_kwargs)
               ^^^^^^^^^^^^^^^^^^^^^^^^^^^^^^^^^^^^^^^^^^^^^^^^^^^^^^^^^^^^
  File "C:\Users\javie\OneDrive\Escritorio\healthcare\accounts\views.py", line 30, in login_view
    return render(request, 'accounts/register.html', {
           ^^^^^^^^^^^^^^^^^^^^^^^^^^^^^^^^^^^^^^^^^^^
  File "C:\Users\javie\OneDrive\Escritorio\healthcare\venv\Lib\site-packages\django\shortcuts.py", line 25, in render
    content = loader.render_to_string(template_name, context, request, using=using)
              ^^^^^^^^^^^^^^^^^^^^^^^^^^^^^^^^^^^^^^^^^^^^^^^^^^^^^^^^^^^^^^^^^^^^^
  File "C:\Users\javie\OneDrive\Escritorio\healthcare\venv\Lib\site-packages\django\template\loader.py", line 61, in render_to_string
    template = get_template(template_name, using=using)
               ^^^^^^^^^^^^^^^^^^^^^^^^^^^^^^^^^^^^^^^^
  File "C:\Users\javie\OneDrive\Escritorio\healthcare\venv\Lib\site-packages\django\template\loader.py", line 15, in get_template
    return engine.get_template(template_name)
           ^^^^^^^^^^^^^^^^^^^^^^^^^^^^^^^^^^
  File "C:\Users\javie\OneDrive\Escritorio\healthcare\venv\Lib\site-packages\django\template\backends\django.py", line 79, in get_template
    return Template(self.engine.get_template(template_name), self)
                    ^^^^^^^^^^^^^^^^^^^^^^^^^^^^^^^^^^^^^^^
  File "C:\Users\javie\OneDrive\Escritorio\healthcare\venv\Lib\site-packages\django\template\engine.py", line 177, in get_template
    template, origin = self.find_template(template_name)
                       ^^^^^^^^^^^^^^^^^^^^^^^^^^^^^^^^^
  File "C:\Users\javie\OneDrive\Escritorio\healthcare\venv\Lib\site-packages\django\template\engine.py", line 159, in find_template
    template = loader.get_template(name, skip=skip)
               ^^^^^^^^^^^^^^^^^^^^^^^^^^^^^^^^^^^^
  File "C:\Users\javie\OneDrive\Escritorio\healthcare\venv\Lib\site-packages\django\template\loaders\cached.py", line 57, in get_template
    template = super().get_template(template_name, skip)
               ^^^^^^^^^^^^^^^^^^^^^^^^^^^^^^^^^^^^^^^^^
  File "C:\Users\javie\OneDrive\Escritorio\healthcare\venv\Lib\site-packages\django\template\loaders\base.py", line 28, in get_template
    return Template(
           ^^^^^^^^^
  File "C:\Users\javie\OneDrive\Escritorio\healthcare\venv\Lib\site-packages\django\template\base.py", line 154, in __init__
    self.nodelist = self.compile_nodelist()
                    ^^^^^^^^^^^^^^^^^^^^^^^
  File "C:\Users\javie\OneDrive\Escritorio\healthcare\venv\Lib\site-packages\django\template\base.py", line 196, in compile_nodelist
    nodelist = parser.parse()
               ^^^^^^^^^^^^^^
  File "C:\Users\javie\OneDrive\Escritorio\healthcare\venv\Lib\site-packages\django\template\base.py", line 518, in parse
    raise self.error(token, e)
  File "C:\Users\javie\OneDrive\Escritorio\healthcare\venv\Lib\site-packages\django\template\base.py", line 516, in parse
    compiled_result = compile_func(self, token)
                      ^^^^^^^^^^^^^^^^^^^^^^^^^
  File "C:\Users\javie\OneDrive\Escritorio\healthcare\venv\Lib\site-packages\django\template\loader_tags.py", line 299, in do_extends
    nodelist = parser.parse()
               ^^^^^^^^^^^^^^
  File "C:\Users\javie\OneDrive\Escritorio\healthcare\venv\Lib\site-packages\django\template\base.py", line 518, in parse
    raise self.error(token, e)
  File "C:\Users\javie\OneDrive\Escritorio\healthcare\venv\Lib\site-packages\django\template\base.py", line 516, in parse
    compiled_result = compile_func(self, token)
                      ^^^^^^^^^^^^^^^^^^^^^^^^^
  File "C:\Users\javie\OneDrive\Escritorio\healthcare\venv\Lib\site-packages\django\template\loader_tags.py", line 234, in do_block
    nodelist = parser.parse(("endblock",))
               ^^^^^^^^^^^^^^^^^^^^^^^^^^^
  File "C:\Users\javie\OneDrive\Escritorio\healthcare\venv\Lib\site-packages\django\template\base.py", line 512, in parse
    self.invalid_block_tag(token, command, parse_until)
  File "C:\Users\javie\OneDrive\Escritorio\healthcare\venv\Lib\site-packages\django\template\base.py", line 567, in invalid_block_tag
    raise self.error(
django.template.exceptions.TemplateSyntaxError: Invalid block tag on line 23: 'form|crispy', expected 'endblock'. Did you forget to register or load this tag?
ERROR 2025-05-01 17:57:24,562 basehttp "GET /accounts/login/ HTTP/1.1" 500 179227
ERROR 2025-05-01 17:57:27,745 log Internal Server Error: /accounts/login/
Traceback (most recent call last):
  File "C:\Users\javie\OneDrive\Escritorio\healthcare\venv\Lib\site-packages\django\template\base.py", line 510, in parse
    compile_func = self.tags[command]
                   ~~~~~~~~~^^^^^^^^^
KeyError: 'form|crispy'

During handling of the above exception, another exception occurred:

Traceback (most recent call last):
  File "C:\Users\javie\OneDrive\Escritorio\healthcare\venv\Lib\site-packages\django\core\handlers\exception.py", line 55, in inner
    response = get_response(request)
               ^^^^^^^^^^^^^^^^^^^^^
  File "C:\Users\javie\OneDrive\Escritorio\healthcare\venv\Lib\site-packages\django\core\handlers\base.py", line 197, in _get_response
    response = wrapped_callback(request, *callback_args, **callback_kwargs)
               ^^^^^^^^^^^^^^^^^^^^^^^^^^^^^^^^^^^^^^^^^^^^^^^^^^^^^^^^^^^^
  File "C:\Users\javie\OneDrive\Escritorio\healthcare\accounts\views.py", line 30, in login_view
    return render(request, 'accounts/register.html', {
           ^^^^^^^^^^^^^^^^^^^^^^^^^^^^^^^^^^^^^^^^^^^
  File "C:\Users\javie\OneDrive\Escritorio\healthcare\venv\Lib\site-packages\django\shortcuts.py", line 25, in render
    content = loader.render_to_string(template_name, context, request, using=using)
              ^^^^^^^^^^^^^^^^^^^^^^^^^^^^^^^^^^^^^^^^^^^^^^^^^^^^^^^^^^^^^^^^^^^^^
  File "C:\Users\javie\OneDrive\Escritorio\healthcare\venv\Lib\site-packages\django\template\loader.py", line 61, in render_to_string
    template = get_template(template_name, using=using)
               ^^^^^^^^^^^^^^^^^^^^^^^^^^^^^^^^^^^^^^^^
  File "C:\Users\javie\OneDrive\Escritorio\healthcare\venv\Lib\site-packages\django\template\loader.py", line 15, in get_template
    return engine.get_template(template_name)
           ^^^^^^^^^^^^^^^^^^^^^^^^^^^^^^^^^^
  File "C:\Users\javie\OneDrive\Escritorio\healthcare\venv\Lib\site-packages\django\template\backends\django.py", line 79, in get_template
    return Template(self.engine.get_template(template_name), self)
                    ^^^^^^^^^^^^^^^^^^^^^^^^^^^^^^^^^^^^^^^
  File "C:\Users\javie\OneDrive\Escritorio\healthcare\venv\Lib\site-packages\django\template\engine.py", line 177, in get_template
    template, origin = self.find_template(template_name)
                       ^^^^^^^^^^^^^^^^^^^^^^^^^^^^^^^^^
  File "C:\Users\javie\OneDrive\Escritorio\healthcare\venv\Lib\site-packages\django\template\engine.py", line 159, in find_template
    template = loader.get_template(name, skip=skip)
               ^^^^^^^^^^^^^^^^^^^^^^^^^^^^^^^^^^^^
  File "C:\Users\javie\OneDrive\Escritorio\healthcare\venv\Lib\site-packages\django\template\loaders\cached.py", line 57, in get_template
    template = super().get_template(template_name, skip)
               ^^^^^^^^^^^^^^^^^^^^^^^^^^^^^^^^^^^^^^^^^
  File "C:\Users\javie\OneDrive\Escritorio\healthcare\venv\Lib\site-packages\django\template\loaders\base.py", line 28, in get_template
    return Template(
           ^^^^^^^^^
  File "C:\Users\javie\OneDrive\Escritorio\healthcare\venv\Lib\site-packages\django\template\base.py", line 154, in __init__
    self.nodelist = self.compile_nodelist()
                    ^^^^^^^^^^^^^^^^^^^^^^^
  File "C:\Users\javie\OneDrive\Escritorio\healthcare\venv\Lib\site-packages\django\template\base.py", line 196, in compile_nodelist
    nodelist = parser.parse()
               ^^^^^^^^^^^^^^
  File "C:\Users\javie\OneDrive\Escritorio\healthcare\venv\Lib\site-packages\django\template\base.py", line 518, in parse
    raise self.error(token, e)
  File "C:\Users\javie\OneDrive\Escritorio\healthcare\venv\Lib\site-packages\django\template\base.py", line 516, in parse
    compiled_result = compile_func(self, token)
                      ^^^^^^^^^^^^^^^^^^^^^^^^^
  File "C:\Users\javie\OneDrive\Escritorio\healthcare\venv\Lib\site-packages\django\template\loader_tags.py", line 299, in do_extends
    nodelist = parser.parse()
               ^^^^^^^^^^^^^^
  File "C:\Users\javie\OneDrive\Escritorio\healthcare\venv\Lib\site-packages\django\template\base.py", line 518, in parse
    raise self.error(token, e)
  File "C:\Users\javie\OneDrive\Escritorio\healthcare\venv\Lib\site-packages\django\template\base.py", line 516, in parse
    compiled_result = compile_func(self, token)
                      ^^^^^^^^^^^^^^^^^^^^^^^^^
  File "C:\Users\javie\OneDrive\Escritorio\healthcare\venv\Lib\site-packages\django\template\loader_tags.py", line 234, in do_block
    nodelist = parser.parse(("endblock",))
               ^^^^^^^^^^^^^^^^^^^^^^^^^^^
  File "C:\Users\javie\OneDrive\Escritorio\healthcare\venv\Lib\site-packages\django\template\base.py", line 512, in parse
    self.invalid_block_tag(token, command, parse_until)
  File "C:\Users\javie\OneDrive\Escritorio\healthcare\venv\Lib\site-packages\django\template\base.py", line 567, in invalid_block_tag
    raise self.error(
django.template.exceptions.TemplateSyntaxError: Invalid block tag on line 23: 'form|crispy', expected 'endblock'. Did you forget to register or load this tag?
ERROR 2025-05-01 17:57:27,749 basehttp "GET /accounts/login/ HTTP/1.1" 500 179227
INFO 2025-05-01 17:57:31,121 basehttp "GET / HTTP/1.1" 200 7490
ERROR 2025-05-01 17:57:32,388 log Internal Server Error: /accounts/login/
Traceback (most recent call last):
  File "C:\Users\javie\OneDrive\Escritorio\healthcare\venv\Lib\site-packages\django\template\base.py", line 510, in parse
    compile_func = self.tags[command]
                   ~~~~~~~~~^^^^^^^^^
KeyError: 'form|crispy'

During handling of the above exception, another exception occurred:

Traceback (most recent call last):
  File "C:\Users\javie\OneDrive\Escritorio\healthcare\venv\Lib\site-packages\django\core\handlers\exception.py", line 55, in inner
    response = get_response(request)
               ^^^^^^^^^^^^^^^^^^^^^
  File "C:\Users\javie\OneDrive\Escritorio\healthcare\venv\Lib\site-packages\django\core\handlers\base.py", line 197, in _get_response
    response = wrapped_callback(request, *callback_args, **callback_kwargs)
               ^^^^^^^^^^^^^^^^^^^^^^^^^^^^^^^^^^^^^^^^^^^^^^^^^^^^^^^^^^^^
  File "C:\Users\javie\OneDrive\Escritorio\healthcare\accounts\views.py", line 30, in login_view
    return render(request, 'accounts/register.html', {
           ^^^^^^^^^^^^^^^^^^^^^^^^^^^^^^^^^^^^^^^^^^^
  File "C:\Users\javie\OneDrive\Escritorio\healthcare\venv\Lib\site-packages\django\shortcuts.py", line 25, in render
    content = loader.render_to_string(template_name, context, request, using=using)
              ^^^^^^^^^^^^^^^^^^^^^^^^^^^^^^^^^^^^^^^^^^^^^^^^^^^^^^^^^^^^^^^^^^^^^
  File "C:\Users\javie\OneDrive\Escritorio\healthcare\venv\Lib\site-packages\django\template\loader.py", line 61, in render_to_string
    template = get_template(template_name, using=using)
               ^^^^^^^^^^^^^^^^^^^^^^^^^^^^^^^^^^^^^^^^
  File "C:\Users\javie\OneDrive\Escritorio\healthcare\venv\Lib\site-packages\django\template\loader.py", line 15, in get_template
    return engine.get_template(template_name)
           ^^^^^^^^^^^^^^^^^^^^^^^^^^^^^^^^^^
  File "C:\Users\javie\OneDrive\Escritorio\healthcare\venv\Lib\site-packages\django\template\backends\django.py", line 79, in get_template
    return Template(self.engine.get_template(template_name), self)
                    ^^^^^^^^^^^^^^^^^^^^^^^^^^^^^^^^^^^^^^^
  File "C:\Users\javie\OneDrive\Escritorio\healthcare\venv\Lib\site-packages\django\template\engine.py", line 177, in get_template
    template, origin = self.find_template(template_name)
                       ^^^^^^^^^^^^^^^^^^^^^^^^^^^^^^^^^
  File "C:\Users\javie\OneDrive\Escritorio\healthcare\venv\Lib\site-packages\django\template\engine.py", line 159, in find_template
    template = loader.get_template(name, skip=skip)
               ^^^^^^^^^^^^^^^^^^^^^^^^^^^^^^^^^^^^
  File "C:\Users\javie\OneDrive\Escritorio\healthcare\venv\Lib\site-packages\django\template\loaders\cached.py", line 57, in get_template
    template = super().get_template(template_name, skip)
               ^^^^^^^^^^^^^^^^^^^^^^^^^^^^^^^^^^^^^^^^^
  File "C:\Users\javie\OneDrive\Escritorio\healthcare\venv\Lib\site-packages\django\template\loaders\base.py", line 28, in get_template
    return Template(
           ^^^^^^^^^
  File "C:\Users\javie\OneDrive\Escritorio\healthcare\venv\Lib\site-packages\django\template\base.py", line 154, in __init__
    self.nodelist = self.compile_nodelist()
                    ^^^^^^^^^^^^^^^^^^^^^^^
  File "C:\Users\javie\OneDrive\Escritorio\healthcare\venv\Lib\site-packages\django\template\base.py", line 196, in compile_nodelist
    nodelist = parser.parse()
               ^^^^^^^^^^^^^^
  File "C:\Users\javie\OneDrive\Escritorio\healthcare\venv\Lib\site-packages\django\template\base.py", line 518, in parse
    raise self.error(token, e)
  File "C:\Users\javie\OneDrive\Escritorio\healthcare\venv\Lib\site-packages\django\template\base.py", line 516, in parse
    compiled_result = compile_func(self, token)
                      ^^^^^^^^^^^^^^^^^^^^^^^^^
  File "C:\Users\javie\OneDrive\Escritorio\healthcare\venv\Lib\site-packages\django\template\loader_tags.py", line 299, in do_extends
    nodelist = parser.parse()
               ^^^^^^^^^^^^^^
  File "C:\Users\javie\OneDrive\Escritorio\healthcare\venv\Lib\site-packages\django\template\base.py", line 518, in parse
    raise self.error(token, e)
  File "C:\Users\javie\OneDrive\Escritorio\healthcare\venv\Lib\site-packages\django\template\base.py", line 516, in parse
    compiled_result = compile_func(self, token)
                      ^^^^^^^^^^^^^^^^^^^^^^^^^
  File "C:\Users\javie\OneDrive\Escritorio\healthcare\venv\Lib\site-packages\django\template\loader_tags.py", line 234, in do_block
    nodelist = parser.parse(("endblock",))
               ^^^^^^^^^^^^^^^^^^^^^^^^^^^
  File "C:\Users\javie\OneDrive\Escritorio\healthcare\venv\Lib\site-packages\django\template\base.py", line 512, in parse
    self.invalid_block_tag(token, command, parse_until)
  File "C:\Users\javie\OneDrive\Escritorio\healthcare\venv\Lib\site-packages\django\template\base.py", line 567, in invalid_block_tag
    raise self.error(
django.template.exceptions.TemplateSyntaxError: Invalid block tag on line 23: 'form|crispy', expected 'endblock'. Did you forget to register or load this tag?
ERROR 2025-05-01 17:57:32,391 basehttp "GET /accounts/login/ HTTP/1.1" 500 178962
INFO 2025-05-01 17:57:56,611 autoreload Watching for file changes with StatReloader
INFO 2025-05-01 17:58:08,920 autoreload Watching for file changes with StatReloader
INFO 2025-05-01 17:58:10,882 basehttp "GET / HTTP/1.1" 200 7490
ERROR 2025-05-01 17:58:12,573 log Internal Server Error: /accounts/login/
Traceback (most recent call last):
  File "C:\Users\javie\OneDrive\Escritorio\healthcare\venv\Lib\site-packages\django\template\base.py", line 510, in parse
    compile_func = self.tags[command]
                   ~~~~~~~~~^^^^^^^^^
KeyError: 'form|crispy'

During handling of the above exception, another exception occurred:

Traceback (most recent call last):
  File "C:\Users\javie\OneDrive\Escritorio\healthcare\venv\Lib\site-packages\django\core\handlers\exception.py", line 55, in inner
    response = get_response(request)
               ^^^^^^^^^^^^^^^^^^^^^
  File "C:\Users\javie\OneDrive\Escritorio\healthcare\venv\Lib\site-packages\django\core\handlers\base.py", line 197, in _get_response
    response = wrapped_callback(request, *callback_args, **callback_kwargs)
               ^^^^^^^^^^^^^^^^^^^^^^^^^^^^^^^^^^^^^^^^^^^^^^^^^^^^^^^^^^^^
  File "C:\Users\javie\OneDrive\Escritorio\healthcare\accounts\views.py", line 30, in login_view
    return render(request, 'accounts/register.html', {
           ^^^^^^^^^^^^^^^^^^^^^^^^^^^^^^^^^^^^^^^^^^^
  File "C:\Users\javie\OneDrive\Escritorio\healthcare\venv\Lib\site-packages\django\shortcuts.py", line 25, in render
    content = loader.render_to_string(template_name, context, request, using=using)
              ^^^^^^^^^^^^^^^^^^^^^^^^^^^^^^^^^^^^^^^^^^^^^^^^^^^^^^^^^^^^^^^^^^^^^
  File "C:\Users\javie\OneDrive\Escritorio\healthcare\venv\Lib\site-packages\django\template\loader.py", line 61, in render_to_string
    template = get_template(template_name, using=using)
               ^^^^^^^^^^^^^^^^^^^^^^^^^^^^^^^^^^^^^^^^
  File "C:\Users\javie\OneDrive\Escritorio\healthcare\venv\Lib\site-packages\django\template\loader.py", line 15, in get_template
    return engine.get_template(template_name)
           ^^^^^^^^^^^^^^^^^^^^^^^^^^^^^^^^^^
  File "C:\Users\javie\OneDrive\Escritorio\healthcare\venv\Lib\site-packages\django\template\backends\django.py", line 79, in get_template
    return Template(self.engine.get_template(template_name), self)
                    ^^^^^^^^^^^^^^^^^^^^^^^^^^^^^^^^^^^^^^^
  File "C:\Users\javie\OneDrive\Escritorio\healthcare\venv\Lib\site-packages\django\template\engine.py", line 177, in get_template
    template, origin = self.find_template(template_name)
                       ^^^^^^^^^^^^^^^^^^^^^^^^^^^^^^^^^
  File "C:\Users\javie\OneDrive\Escritorio\healthcare\venv\Lib\site-packages\django\template\engine.py", line 159, in find_template
    template = loader.get_template(name, skip=skip)
               ^^^^^^^^^^^^^^^^^^^^^^^^^^^^^^^^^^^^
  File "C:\Users\javie\OneDrive\Escritorio\healthcare\venv\Lib\site-packages\django\template\loaders\cached.py", line 57, in get_template
    template = super().get_template(template_name, skip)
               ^^^^^^^^^^^^^^^^^^^^^^^^^^^^^^^^^^^^^^^^^
  File "C:\Users\javie\OneDrive\Escritorio\healthcare\venv\Lib\site-packages\django\template\loaders\base.py", line 28, in get_template
    return Template(
           ^^^^^^^^^
  File "C:\Users\javie\OneDrive\Escritorio\healthcare\venv\Lib\site-packages\django\template\base.py", line 154, in __init__
    self.nodelist = self.compile_nodelist()
                    ^^^^^^^^^^^^^^^^^^^^^^^
  File "C:\Users\javie\OneDrive\Escritorio\healthcare\venv\Lib\site-packages\django\template\base.py", line 196, in compile_nodelist
    nodelist = parser.parse()
               ^^^^^^^^^^^^^^
  File "C:\Users\javie\OneDrive\Escritorio\healthcare\venv\Lib\site-packages\django\template\base.py", line 518, in parse
    raise self.error(token, e)
  File "C:\Users\javie\OneDrive\Escritorio\healthcare\venv\Lib\site-packages\django\template\base.py", line 516, in parse
    compiled_result = compile_func(self, token)
                      ^^^^^^^^^^^^^^^^^^^^^^^^^
  File "C:\Users\javie\OneDrive\Escritorio\healthcare\venv\Lib\site-packages\django\template\loader_tags.py", line 299, in do_extends
    nodelist = parser.parse()
               ^^^^^^^^^^^^^^
  File "C:\Users\javie\OneDrive\Escritorio\healthcare\venv\Lib\site-packages\django\template\base.py", line 518, in parse
    raise self.error(token, e)
  File "C:\Users\javie\OneDrive\Escritorio\healthcare\venv\Lib\site-packages\django\template\base.py", line 516, in parse
    compiled_result = compile_func(self, token)
                      ^^^^^^^^^^^^^^^^^^^^^^^^^
  File "C:\Users\javie\OneDrive\Escritorio\healthcare\venv\Lib\site-packages\django\template\loader_tags.py", line 234, in do_block
    nodelist = parser.parse(("endblock",))
               ^^^^^^^^^^^^^^^^^^^^^^^^^^^
  File "C:\Users\javie\OneDrive\Escritorio\healthcare\venv\Lib\site-packages\django\template\base.py", line 512, in parse
    self.invalid_block_tag(token, command, parse_until)
  File "C:\Users\javie\OneDrive\Escritorio\healthcare\venv\Lib\site-packages\django\template\base.py", line 567, in invalid_block_tag
    raise self.error(
django.template.exceptions.TemplateSyntaxError: Invalid block tag on line 23: 'form|crispy', expected 'endblock'. Did you forget to register or load this tag?
ERROR 2025-05-01 17:58:12,577 basehttp "GET /accounts/login/ HTTP/1.1" 500 178962
ERROR 2025-05-01 17:58:26,198 log Internal Server Error: /accounts/login/
Traceback (most recent call last):
  File "C:\Users\javie\OneDrive\Escritorio\healthcare\venv\Lib\site-packages\django\core\handlers\exception.py", line 55, in inner
    response = get_response(request)
               ^^^^^^^^^^^^^^^^^^^^^
  File "C:\Users\javie\OneDrive\Escritorio\healthcare\venv\Lib\site-packages\django\core\handlers\base.py", line 197, in _get_response
    response = wrapped_callback(request, *callback_args, **callback_kwargs)
               ^^^^^^^^^^^^^^^^^^^^^^^^^^^^^^^^^^^^^^^^^^^^^^^^^^^^^^^^^^^^
  File "C:\Users\javie\OneDrive\Escritorio\healthcare\accounts\views.py", line 30, in login_view
    return render(request, 'accounts/register.html', {
           ^^^^^^^^^^^^^^^^^^^^^^^^^^^^^^^^^^^^^^^^^^^
  File "C:\Users\javie\OneDrive\Escritorio\healthcare\venv\Lib\site-packages\django\shortcuts.py", line 25, in render
    content = loader.render_to_string(template_name, context, request, using=using)
              ^^^^^^^^^^^^^^^^^^^^^^^^^^^^^^^^^^^^^^^^^^^^^^^^^^^^^^^^^^^^^^^^^^^^^
  File "C:\Users\javie\OneDrive\Escritorio\healthcare\venv\Lib\site-packages\django\template\loader.py", line 61, in render_to_string
    template = get_template(template_name, using=using)
               ^^^^^^^^^^^^^^^^^^^^^^^^^^^^^^^^^^^^^^^^
  File "C:\Users\javie\OneDrive\Escritorio\healthcare\venv\Lib\site-packages\django\template\loader.py", line 15, in get_template
    return engine.get_template(template_name)
           ^^^^^^^^^^^^^^^^^^^^^^^^^^^^^^^^^^
  File "C:\Users\javie\OneDrive\Escritorio\healthcare\venv\Lib\site-packages\django\template\backends\django.py", line 79, in get_template
    return Template(self.engine.get_template(template_name), self)
                    ^^^^^^^^^^^^^^^^^^^^^^^^^^^^^^^^^^^^^^^
  File "C:\Users\javie\OneDrive\Escritorio\healthcare\venv\Lib\site-packages\django\template\engine.py", line 177, in get_template
    template, origin = self.find_template(template_name)
                       ^^^^^^^^^^^^^^^^^^^^^^^^^^^^^^^^^
  File "C:\Users\javie\OneDrive\Escritorio\healthcare\venv\Lib\site-packages\django\template\engine.py", line 159, in find_template
    template = loader.get_template(name, skip=skip)
               ^^^^^^^^^^^^^^^^^^^^^^^^^^^^^^^^^^^^
  File "C:\Users\javie\OneDrive\Escritorio\healthcare\venv\Lib\site-packages\django\template\loaders\cached.py", line 57, in get_template
    template = super().get_template(template_name, skip)
               ^^^^^^^^^^^^^^^^^^^^^^^^^^^^^^^^^^^^^^^^^
  File "C:\Users\javie\OneDrive\Escritorio\healthcare\venv\Lib\site-packages\django\template\loaders\base.py", line 28, in get_template
    return Template(
           ^^^^^^^^^
  File "C:\Users\javie\OneDrive\Escritorio\healthcare\venv\Lib\site-packages\django\template\base.py", line 154, in __init__
    self.nodelist = self.compile_nodelist()
                    ^^^^^^^^^^^^^^^^^^^^^^^
  File "C:\Users\javie\OneDrive\Escritorio\healthcare\venv\Lib\site-packages\django\template\base.py", line 196, in compile_nodelist
    nodelist = parser.parse()
               ^^^^^^^^^^^^^^
  File "C:\Users\javie\OneDrive\Escritorio\healthcare\venv\Lib\site-packages\django\template\base.py", line 518, in parse
    raise self.error(token, e)
  File "C:\Users\javie\OneDrive\Escritorio\healthcare\venv\Lib\site-packages\django\template\base.py", line 516, in parse
    compiled_result = compile_func(self, token)
                      ^^^^^^^^^^^^^^^^^^^^^^^^^
  File "C:\Users\javie\OneDrive\Escritorio\healthcare\venv\Lib\site-packages\django\template\loader_tags.py", line 299, in do_extends
    nodelist = parser.parse()
               ^^^^^^^^^^^^^^
  File "C:\Users\javie\OneDrive\Escritorio\healthcare\venv\Lib\site-packages\django\template\base.py", line 518, in parse
    raise self.error(token, e)
  File "C:\Users\javie\OneDrive\Escritorio\healthcare\venv\Lib\site-packages\django\template\base.py", line 516, in parse
    compiled_result = compile_func(self, token)
                      ^^^^^^^^^^^^^^^^^^^^^^^^^
  File "C:\Users\javie\OneDrive\Escritorio\healthcare\venv\Lib\site-packages\django\template\loader_tags.py", line 234, in do_block
    nodelist = parser.parse(("endblock",))
               ^^^^^^^^^^^^^^^^^^^^^^^^^^^
  File "C:\Users\javie\OneDrive\Escritorio\healthcare\venv\Lib\site-packages\django\template\base.py", line 489, in parse
    raise self.error(token, e)
  File "C:\Users\javie\OneDrive\Escritorio\healthcare\venv\Lib\site-packages\django\template\base.py", line 487, in parse
    filter_expression = self.compile_filter(token.contents)
                        ^^^^^^^^^^^^^^^^^^^^^^^^^^^^^^^^^^^
  File "C:\Users\javie\OneDrive\Escritorio\healthcare\venv\Lib\site-packages\django\template\base.py", line 609, in compile_filter
    return FilterExpression(token, self)
           ^^^^^^^^^^^^^^^^^^^^^^^^^^^^^
  File "C:\Users\javie\OneDrive\Escritorio\healthcare\venv\Lib\site-packages\django\template\base.py", line 682, in __init__
    raise TemplateSyntaxError(
django.template.exceptions.TemplateSyntaxError: Could not parse some characters: |% form||crispy %
ERROR 2025-05-01 17:58:26,201 basehttp "GET /accounts/login/ HTTP/1.1" 500 183413
ERROR 2025-05-01 17:58:27,197 log Internal Server Error: /accounts/login/
Traceback (most recent call last):
  File "C:\Users\javie\OneDrive\Escritorio\healthcare\venv\Lib\site-packages\django\core\handlers\exception.py", line 55, in inner
    response = get_response(request)
               ^^^^^^^^^^^^^^^^^^^^^
  File "C:\Users\javie\OneDrive\Escritorio\healthcare\venv\Lib\site-packages\django\core\handlers\base.py", line 197, in _get_response
    response = wrapped_callback(request, *callback_args, **callback_kwargs)
               ^^^^^^^^^^^^^^^^^^^^^^^^^^^^^^^^^^^^^^^^^^^^^^^^^^^^^^^^^^^^
  File "C:\Users\javie\OneDrive\Escritorio\healthcare\accounts\views.py", line 30, in login_view
    return render(request, 'accounts/register.html', {
           ^^^^^^^^^^^^^^^^^^^^^^^^^^^^^^^^^^^^^^^^^^^
  File "C:\Users\javie\OneDrive\Escritorio\healthcare\venv\Lib\site-packages\django\shortcuts.py", line 25, in render
    content = loader.render_to_string(template_name, context, request, using=using)
              ^^^^^^^^^^^^^^^^^^^^^^^^^^^^^^^^^^^^^^^^^^^^^^^^^^^^^^^^^^^^^^^^^^^^^
  File "C:\Users\javie\OneDrive\Escritorio\healthcare\venv\Lib\site-packages\django\template\loader.py", line 61, in render_to_string
    template = get_template(template_name, using=using)
               ^^^^^^^^^^^^^^^^^^^^^^^^^^^^^^^^^^^^^^^^
  File "C:\Users\javie\OneDrive\Escritorio\healthcare\venv\Lib\site-packages\django\template\loader.py", line 15, in get_template
    return engine.get_template(template_name)
           ^^^^^^^^^^^^^^^^^^^^^^^^^^^^^^^^^^
  File "C:\Users\javie\OneDrive\Escritorio\healthcare\venv\Lib\site-packages\django\template\backends\django.py", line 79, in get_template
    return Template(self.engine.get_template(template_name), self)
                    ^^^^^^^^^^^^^^^^^^^^^^^^^^^^^^^^^^^^^^^
  File "C:\Users\javie\OneDrive\Escritorio\healthcare\venv\Lib\site-packages\django\template\engine.py", line 177, in get_template
    template, origin = self.find_template(template_name)
                       ^^^^^^^^^^^^^^^^^^^^^^^^^^^^^^^^^
  File "C:\Users\javie\OneDrive\Escritorio\healthcare\venv\Lib\site-packages\django\template\engine.py", line 159, in find_template
    template = loader.get_template(name, skip=skip)
               ^^^^^^^^^^^^^^^^^^^^^^^^^^^^^^^^^^^^
  File "C:\Users\javie\OneDrive\Escritorio\healthcare\venv\Lib\site-packages\django\template\loaders\cached.py", line 57, in get_template
    template = super().get_template(template_name, skip)
               ^^^^^^^^^^^^^^^^^^^^^^^^^^^^^^^^^^^^^^^^^
  File "C:\Users\javie\OneDrive\Escritorio\healthcare\venv\Lib\site-packages\django\template\loaders\base.py", line 28, in get_template
    return Template(
           ^^^^^^^^^
  File "C:\Users\javie\OneDrive\Escritorio\healthcare\venv\Lib\site-packages\django\template\base.py", line 154, in __init__
    self.nodelist = self.compile_nodelist()
                    ^^^^^^^^^^^^^^^^^^^^^^^
  File "C:\Users\javie\OneDrive\Escritorio\healthcare\venv\Lib\site-packages\django\template\base.py", line 196, in compile_nodelist
    nodelist = parser.parse()
               ^^^^^^^^^^^^^^
  File "C:\Users\javie\OneDrive\Escritorio\healthcare\venv\Lib\site-packages\django\template\base.py", line 518, in parse
    raise self.error(token, e)
  File "C:\Users\javie\OneDrive\Escritorio\healthcare\venv\Lib\site-packages\django\template\base.py", line 516, in parse
    compiled_result = compile_func(self, token)
                      ^^^^^^^^^^^^^^^^^^^^^^^^^
  File "C:\Users\javie\OneDrive\Escritorio\healthcare\venv\Lib\site-packages\django\template\loader_tags.py", line 299, in do_extends
    nodelist = parser.parse()
               ^^^^^^^^^^^^^^
  File "C:\Users\javie\OneDrive\Escritorio\healthcare\venv\Lib\site-packages\django\template\base.py", line 518, in parse
    raise self.error(token, e)
  File "C:\Users\javie\OneDrive\Escritorio\healthcare\venv\Lib\site-packages\django\template\base.py", line 516, in parse
    compiled_result = compile_func(self, token)
                      ^^^^^^^^^^^^^^^^^^^^^^^^^
  File "C:\Users\javie\OneDrive\Escritorio\healthcare\venv\Lib\site-packages\django\template\loader_tags.py", line 234, in do_block
    nodelist = parser.parse(("endblock",))
               ^^^^^^^^^^^^^^^^^^^^^^^^^^^
  File "C:\Users\javie\OneDrive\Escritorio\healthcare\venv\Lib\site-packages\django\template\base.py", line 489, in parse
    raise self.error(token, e)
  File "C:\Users\javie\OneDrive\Escritorio\healthcare\venv\Lib\site-packages\django\template\base.py", line 487, in parse
    filter_expression = self.compile_filter(token.contents)
                        ^^^^^^^^^^^^^^^^^^^^^^^^^^^^^^^^^^^
  File "C:\Users\javie\OneDrive\Escritorio\healthcare\venv\Lib\site-packages\django\template\base.py", line 609, in compile_filter
    return FilterExpression(token, self)
           ^^^^^^^^^^^^^^^^^^^^^^^^^^^^^
  File "C:\Users\javie\OneDrive\Escritorio\healthcare\venv\Lib\site-packages\django\template\base.py", line 682, in __init__
    raise TemplateSyntaxError(
django.template.exceptions.TemplateSyntaxError: Could not parse some characters: |% form||crispy %
ERROR 2025-05-01 17:58:27,201 basehttp "GET /accounts/login/ HTTP/1.1" 500 183541
ERROR 2025-05-01 17:58:28,219 log Internal Server Error: /accounts/login/
Traceback (most recent call last):
  File "C:\Users\javie\OneDrive\Escritorio\healthcare\venv\Lib\site-packages\django\core\handlers\exception.py", line 55, in inner
    response = get_response(request)
               ^^^^^^^^^^^^^^^^^^^^^
  File "C:\Users\javie\OneDrive\Escritorio\healthcare\venv\Lib\site-packages\django\core\handlers\base.py", line 197, in _get_response
    response = wrapped_callback(request, *callback_args, **callback_kwargs)
               ^^^^^^^^^^^^^^^^^^^^^^^^^^^^^^^^^^^^^^^^^^^^^^^^^^^^^^^^^^^^
  File "C:\Users\javie\OneDrive\Escritorio\healthcare\accounts\views.py", line 30, in login_view
    return render(request, 'accounts/register.html', {
           ^^^^^^^^^^^^^^^^^^^^^^^^^^^^^^^^^^^^^^^^^^^
  File "C:\Users\javie\OneDrive\Escritorio\healthcare\venv\Lib\site-packages\django\shortcuts.py", line 25, in render
    content = loader.render_to_string(template_name, context, request, using=using)
              ^^^^^^^^^^^^^^^^^^^^^^^^^^^^^^^^^^^^^^^^^^^^^^^^^^^^^^^^^^^^^^^^^^^^^
  File "C:\Users\javie\OneDrive\Escritorio\healthcare\venv\Lib\site-packages\django\template\loader.py", line 61, in render_to_string
    template = get_template(template_name, using=using)
               ^^^^^^^^^^^^^^^^^^^^^^^^^^^^^^^^^^^^^^^^
  File "C:\Users\javie\OneDrive\Escritorio\healthcare\venv\Lib\site-packages\django\template\loader.py", line 15, in get_template
    return engine.get_template(template_name)
           ^^^^^^^^^^^^^^^^^^^^^^^^^^^^^^^^^^
  File "C:\Users\javie\OneDrive\Escritorio\healthcare\venv\Lib\site-packages\django\template\backends\django.py", line 79, in get_template
    return Template(self.engine.get_template(template_name), self)
                    ^^^^^^^^^^^^^^^^^^^^^^^^^^^^^^^^^^^^^^^
  File "C:\Users\javie\OneDrive\Escritorio\healthcare\venv\Lib\site-packages\django\template\engine.py", line 177, in get_template
    template, origin = self.find_template(template_name)
                       ^^^^^^^^^^^^^^^^^^^^^^^^^^^^^^^^^
  File "C:\Users\javie\OneDrive\Escritorio\healthcare\venv\Lib\site-packages\django\template\engine.py", line 159, in find_template
    template = loader.get_template(name, skip=skip)
               ^^^^^^^^^^^^^^^^^^^^^^^^^^^^^^^^^^^^
  File "C:\Users\javie\OneDrive\Escritorio\healthcare\venv\Lib\site-packages\django\template\loaders\cached.py", line 57, in get_template
    template = super().get_template(template_name, skip)
               ^^^^^^^^^^^^^^^^^^^^^^^^^^^^^^^^^^^^^^^^^
  File "C:\Users\javie\OneDrive\Escritorio\healthcare\venv\Lib\site-packages\django\template\loaders\base.py", line 28, in get_template
    return Template(
           ^^^^^^^^^
  File "C:\Users\javie\OneDrive\Escritorio\healthcare\venv\Lib\site-packages\django\template\base.py", line 154, in __init__
    self.nodelist = self.compile_nodelist()
                    ^^^^^^^^^^^^^^^^^^^^^^^
  File "C:\Users\javie\OneDrive\Escritorio\healthcare\venv\Lib\site-packages\django\template\base.py", line 196, in compile_nodelist
    nodelist = parser.parse()
               ^^^^^^^^^^^^^^
  File "C:\Users\javie\OneDrive\Escritorio\healthcare\venv\Lib\site-packages\django\template\base.py", line 518, in parse
    raise self.error(token, e)
  File "C:\Users\javie\OneDrive\Escritorio\healthcare\venv\Lib\site-packages\django\template\base.py", line 516, in parse
    compiled_result = compile_func(self, token)
                      ^^^^^^^^^^^^^^^^^^^^^^^^^
  File "C:\Users\javie\OneDrive\Escritorio\healthcare\venv\Lib\site-packages\django\template\loader_tags.py", line 299, in do_extends
    nodelist = parser.parse()
               ^^^^^^^^^^^^^^
  File "C:\Users\javie\OneDrive\Escritorio\healthcare\venv\Lib\site-packages\django\template\base.py", line 518, in parse
    raise self.error(token, e)
  File "C:\Users\javie\OneDrive\Escritorio\healthcare\venv\Lib\site-packages\django\template\base.py", line 516, in parse
    compiled_result = compile_func(self, token)
                      ^^^^^^^^^^^^^^^^^^^^^^^^^
  File "C:\Users\javie\OneDrive\Escritorio\healthcare\venv\Lib\site-packages\django\template\loader_tags.py", line 234, in do_block
    nodelist = parser.parse(("endblock",))
               ^^^^^^^^^^^^^^^^^^^^^^^^^^^
  File "C:\Users\javie\OneDrive\Escritorio\healthcare\venv\Lib\site-packages\django\template\base.py", line 489, in parse
    raise self.error(token, e)
  File "C:\Users\javie\OneDrive\Escritorio\healthcare\venv\Lib\site-packages\django\template\base.py", line 487, in parse
    filter_expression = self.compile_filter(token.contents)
                        ^^^^^^^^^^^^^^^^^^^^^^^^^^^^^^^^^^^
  File "C:\Users\javie\OneDrive\Escritorio\healthcare\venv\Lib\site-packages\django\template\base.py", line 609, in compile_filter
    return FilterExpression(token, self)
           ^^^^^^^^^^^^^^^^^^^^^^^^^^^^^
  File "C:\Users\javie\OneDrive\Escritorio\healthcare\venv\Lib\site-packages\django\template\base.py", line 682, in __init__
    raise TemplateSyntaxError(
django.template.exceptions.TemplateSyntaxError: Could not parse some characters: |% form||crispy %
ERROR 2025-05-01 17:58:28,223 basehttp "GET /accounts/login/ HTTP/1.1" 500 183541
ERROR 2025-05-01 17:58:44,441 log Internal Server Error: /accounts/login/
Traceback (most recent call last):
  File "C:\Users\javie\OneDrive\Escritorio\healthcare\venv\Lib\site-packages\django\urls\base.py", line 81, in reverse
    extra, resolver = resolver.namespace_dict[ns]
                      ~~~~~~~~~~~~~~~~~~~~~~~^^^^
KeyError: 'account'

During handling of the above exception, another exception occurred:

Traceback (most recent call last):
  File "C:\Users\javie\OneDrive\Escritorio\healthcare\venv\Lib\site-packages\django\core\handlers\exception.py", line 55, in inner
    response = get_response(request)
               ^^^^^^^^^^^^^^^^^^^^^
  File "C:\Users\javie\OneDrive\Escritorio\healthcare\venv\Lib\site-packages\django\core\handlers\base.py", line 197, in _get_response
    response = wrapped_callback(request, *callback_args, **callback_kwargs)
               ^^^^^^^^^^^^^^^^^^^^^^^^^^^^^^^^^^^^^^^^^^^^^^^^^^^^^^^^^^^^
  File "C:\Users\javie\OneDrive\Escritorio\healthcare\accounts\views.py", line 30, in login_view
    return render(request, 'accounts/register.html', {
           ^^^^^^^^^^^^^^^^^^^^^^^^^^^^^^^^^^^^^^^^^^^
  File "C:\Users\javie\OneDrive\Escritorio\healthcare\venv\Lib\site-packages\django\shortcuts.py", line 25, in render
    content = loader.render_to_string(template_name, context, request, using=using)
              ^^^^^^^^^^^^^^^^^^^^^^^^^^^^^^^^^^^^^^^^^^^^^^^^^^^^^^^^^^^^^^^^^^^^^
  File "C:\Users\javie\OneDrive\Escritorio\healthcare\venv\Lib\site-packages\django\template\loader.py", line 62, in render_to_string
    return template.render(context, request)
           ^^^^^^^^^^^^^^^^^^^^^^^^^^^^^^^^^
  File "C:\Users\javie\OneDrive\Escritorio\healthcare\venv\Lib\site-packages\django\template\backends\django.py", line 107, in render
    return self.template.render(context)
           ^^^^^^^^^^^^^^^^^^^^^^^^^^^^^
  File "C:\Users\javie\OneDrive\Escritorio\healthcare\venv\Lib\site-packages\django\template\base.py", line 171, in render
    return self._render(context)
           ^^^^^^^^^^^^^^^^^^^^^
  File "C:\Users\javie\OneDrive\Escritorio\healthcare\venv\Lib\site-packages\django\template\base.py", line 163, in _render
    return self.nodelist.render(context)
           ^^^^^^^^^^^^^^^^^^^^^^^^^^^^^
  File "C:\Users\javie\OneDrive\Escritorio\healthcare\venv\Lib\site-packages\django\template\base.py", line 1016, in render
    return SafeString("".join([node.render_annotated(context) for node in self]))
                              ^^^^^^^^^^^^^^^^^^^^^^^^^^^^^^^^^^^^^^^^^^^^^^^^^
  File "C:\Users\javie\OneDrive\Escritorio\healthcare\venv\Lib\site-packages\django\template\base.py", line 1016, in <listcomp>
    return SafeString("".join([node.render_annotated(context) for node in self]))
                               ^^^^^^^^^^^^^^^^^^^^^^^^^^^^^^
  File "C:\Users\javie\OneDrive\Escritorio\healthcare\venv\Lib\site-packages\django\template\base.py", line 977, in render_annotated
    return self.render(context)
           ^^^^^^^^^^^^^^^^^^^^
  File "C:\Users\javie\OneDrive\Escritorio\healthcare\venv\Lib\site-packages\django\template\loader_tags.py", line 159, in render
    return compiled_parent._render(context)
           ^^^^^^^^^^^^^^^^^^^^^^^^^^^^^^^^
  File "C:\Users\javie\OneDrive\Escritorio\healthcare\venv\Lib\site-packages\django\template\base.py", line 163, in _render
    return self.nodelist.render(context)
           ^^^^^^^^^^^^^^^^^^^^^^^^^^^^^
  File "C:\Users\javie\OneDrive\Escritorio\healthcare\venv\Lib\site-packages\django\template\base.py", line 1016, in render
    return SafeString("".join([node.render_annotated(context) for node in self]))
                              ^^^^^^^^^^^^^^^^^^^^^^^^^^^^^^^^^^^^^^^^^^^^^^^^^
  File "C:\Users\javie\OneDrive\Escritorio\healthcare\venv\Lib\site-packages\django\template\base.py", line 1016, in <listcomp>
    return SafeString("".join([node.render_annotated(context) for node in self]))
                               ^^^^^^^^^^^^^^^^^^^^^^^^^^^^^^
  File "C:\Users\javie\OneDrive\Escritorio\healthcare\venv\Lib\site-packages\django\template\base.py", line 977, in render_annotated
    return self.render(context)
           ^^^^^^^^^^^^^^^^^^^^
  File "C:\Users\javie\OneDrive\Escritorio\healthcare\venv\Lib\site-packages\django\template\loader_tags.py", line 65, in render
    result = block.nodelist.render(context)
             ^^^^^^^^^^^^^^^^^^^^^^^^^^^^^^
  File "C:\Users\javie\OneDrive\Escritorio\healthcare\venv\Lib\site-packages\django\template\base.py", line 1016, in render
    return SafeString("".join([node.render_annotated(context) for node in self]))
                              ^^^^^^^^^^^^^^^^^^^^^^^^^^^^^^^^^^^^^^^^^^^^^^^^^
  File "C:\Users\javie\OneDrive\Escritorio\healthcare\venv\Lib\site-packages\django\template\base.py", line 1016, in <listcomp>
    return SafeString("".join([node.render_annotated(context) for node in self]))
                               ^^^^^^^^^^^^^^^^^^^^^^^^^^^^^^
  File "C:\Users\javie\OneDrive\Escritorio\healthcare\venv\Lib\site-packages\django\template\base.py", line 977, in render_annotated
    return self.render(context)
           ^^^^^^^^^^^^^^^^^^^^
  File "C:\Users\javie\OneDrive\Escritorio\healthcare\venv\Lib\site-packages\django\template\defaulttags.py", line 480, in render
    url = reverse(view_name, args=args, kwargs=kwargs, current_app=current_app)
          ^^^^^^^^^^^^^^^^^^^^^^^^^^^^^^^^^^^^^^^^^^^^^^^^^^^^^^^^^^^^^^^^^^^^^
  File "C:\Users\javie\OneDrive\Escritorio\healthcare\venv\Lib\site-packages\django\urls\base.py", line 92, in reverse
    raise NoReverseMatch("%s is not a registered namespace" % key)
django.urls.exceptions.NoReverseMatch: 'account' is not a registered namespace
ERROR 2025-05-01 17:58:44,445 basehttp "GET /accounts/login/ HTTP/1.1" 500 172632
ERROR 2025-05-01 17:58:45,349 log Internal Server Error: /accounts/login/
Traceback (most recent call last):
  File "C:\Users\javie\OneDrive\Escritorio\healthcare\venv\Lib\site-packages\django\urls\base.py", line 81, in reverse
    extra, resolver = resolver.namespace_dict[ns]
                      ~~~~~~~~~~~~~~~~~~~~~~~^^^^
KeyError: 'account'

During handling of the above exception, another exception occurred:

Traceback (most recent call last):
  File "C:\Users\javie\OneDrive\Escritorio\healthcare\venv\Lib\site-packages\django\core\handlers\exception.py", line 55, in inner
    response = get_response(request)
               ^^^^^^^^^^^^^^^^^^^^^
  File "C:\Users\javie\OneDrive\Escritorio\healthcare\venv\Lib\site-packages\django\core\handlers\base.py", line 197, in _get_response
    response = wrapped_callback(request, *callback_args, **callback_kwargs)
               ^^^^^^^^^^^^^^^^^^^^^^^^^^^^^^^^^^^^^^^^^^^^^^^^^^^^^^^^^^^^
  File "C:\Users\javie\OneDrive\Escritorio\healthcare\accounts\views.py", line 30, in login_view
    return render(request, 'accounts/register.html', {
           ^^^^^^^^^^^^^^^^^^^^^^^^^^^^^^^^^^^^^^^^^^^
  File "C:\Users\javie\OneDrive\Escritorio\healthcare\venv\Lib\site-packages\django\shortcuts.py", line 25, in render
    content = loader.render_to_string(template_name, context, request, using=using)
              ^^^^^^^^^^^^^^^^^^^^^^^^^^^^^^^^^^^^^^^^^^^^^^^^^^^^^^^^^^^^^^^^^^^^^
  File "C:\Users\javie\OneDrive\Escritorio\healthcare\venv\Lib\site-packages\django\template\loader.py", line 62, in render_to_string
    return template.render(context, request)
           ^^^^^^^^^^^^^^^^^^^^^^^^^^^^^^^^^
  File "C:\Users\javie\OneDrive\Escritorio\healthcare\venv\Lib\site-packages\django\template\backends\django.py", line 107, in render
    return self.template.render(context)
           ^^^^^^^^^^^^^^^^^^^^^^^^^^^^^
  File "C:\Users\javie\OneDrive\Escritorio\healthcare\venv\Lib\site-packages\django\template\base.py", line 171, in render
    return self._render(context)
           ^^^^^^^^^^^^^^^^^^^^^
  File "C:\Users\javie\OneDrive\Escritorio\healthcare\venv\Lib\site-packages\django\template\base.py", line 163, in _render
    return self.nodelist.render(context)
           ^^^^^^^^^^^^^^^^^^^^^^^^^^^^^
  File "C:\Users\javie\OneDrive\Escritorio\healthcare\venv\Lib\site-packages\django\template\base.py", line 1016, in render
    return SafeString("".join([node.render_annotated(context) for node in self]))
                              ^^^^^^^^^^^^^^^^^^^^^^^^^^^^^^^^^^^^^^^^^^^^^^^^^
  File "C:\Users\javie\OneDrive\Escritorio\healthcare\venv\Lib\site-packages\django\template\base.py", line 1016, in <listcomp>
    return SafeString("".join([node.render_annotated(context) for node in self]))
                               ^^^^^^^^^^^^^^^^^^^^^^^^^^^^^^
  File "C:\Users\javie\OneDrive\Escritorio\healthcare\venv\Lib\site-packages\django\template\base.py", line 977, in render_annotated
    return self.render(context)
           ^^^^^^^^^^^^^^^^^^^^
  File "C:\Users\javie\OneDrive\Escritorio\healthcare\venv\Lib\site-packages\django\template\loader_tags.py", line 159, in render
    return compiled_parent._render(context)
           ^^^^^^^^^^^^^^^^^^^^^^^^^^^^^^^^
  File "C:\Users\javie\OneDrive\Escritorio\healthcare\venv\Lib\site-packages\django\template\base.py", line 163, in _render
    return self.nodelist.render(context)
           ^^^^^^^^^^^^^^^^^^^^^^^^^^^^^
  File "C:\Users\javie\OneDrive\Escritorio\healthcare\venv\Lib\site-packages\django\template\base.py", line 1016, in render
    return SafeString("".join([node.render_annotated(context) for node in self]))
                              ^^^^^^^^^^^^^^^^^^^^^^^^^^^^^^^^^^^^^^^^^^^^^^^^^
  File "C:\Users\javie\OneDrive\Escritorio\healthcare\venv\Lib\site-packages\django\template\base.py", line 1016, in <listcomp>
    return SafeString("".join([node.render_annotated(context) for node in self]))
                               ^^^^^^^^^^^^^^^^^^^^^^^^^^^^^^
  File "C:\Users\javie\OneDrive\Escritorio\healthcare\venv\Lib\site-packages\django\template\base.py", line 977, in render_annotated
    return self.render(context)
           ^^^^^^^^^^^^^^^^^^^^
  File "C:\Users\javie\OneDrive\Escritorio\healthcare\venv\Lib\site-packages\django\template\loader_tags.py", line 65, in render
    result = block.nodelist.render(context)
             ^^^^^^^^^^^^^^^^^^^^^^^^^^^^^^
  File "C:\Users\javie\OneDrive\Escritorio\healthcare\venv\Lib\site-packages\django\template\base.py", line 1016, in render
    return SafeString("".join([node.render_annotated(context) for node in self]))
                              ^^^^^^^^^^^^^^^^^^^^^^^^^^^^^^^^^^^^^^^^^^^^^^^^^
  File "C:\Users\javie\OneDrive\Escritorio\healthcare\venv\Lib\site-packages\django\template\base.py", line 1016, in <listcomp>
    return SafeString("".join([node.render_annotated(context) for node in self]))
                               ^^^^^^^^^^^^^^^^^^^^^^^^^^^^^^
  File "C:\Users\javie\OneDrive\Escritorio\healthcare\venv\Lib\site-packages\django\template\base.py", line 977, in render_annotated
    return self.render(context)
           ^^^^^^^^^^^^^^^^^^^^
  File "C:\Users\javie\OneDrive\Escritorio\healthcare\venv\Lib\site-packages\django\template\defaulttags.py", line 480, in render
    url = reverse(view_name, args=args, kwargs=kwargs, current_app=current_app)
          ^^^^^^^^^^^^^^^^^^^^^^^^^^^^^^^^^^^^^^^^^^^^^^^^^^^^^^^^^^^^^^^^^^^^^
  File "C:\Users\javie\OneDrive\Escritorio\healthcare\venv\Lib\site-packages\django\urls\base.py", line 92, in reverse
    raise NoReverseMatch("%s is not a registered namespace" % key)
django.urls.exceptions.NoReverseMatch: 'account' is not a registered namespace
ERROR 2025-05-01 17:58:45,353 basehttp "GET /accounts/login/ HTTP/1.1" 500 172632
INFO 2025-05-01 17:58:56,476 basehttp "GET /accounts/login/ HTTP/1.1" 200 8750
INFO 2025-05-01 17:58:59,432 basehttp "GET /accounts/login/ HTTP/1.1" 200 8750
ERROR 2025-05-01 17:59:00,263 log Internal Server Error: /accounts/password-change/
Traceback (most recent call last):
  File "C:\Users\javie\OneDrive\Escritorio\healthcare\venv\Lib\site-packages\django\core\handlers\exception.py", line 55, in inner
    response = get_response(request)
               ^^^^^^^^^^^^^^^^^^^^^
  File "C:\Users\javie\OneDrive\Escritorio\healthcare\venv\Lib\site-packages\django\core\handlers\base.py", line 220, in _get_response
    response = response.render()
               ^^^^^^^^^^^^^^^^^
  File "C:\Users\javie\OneDrive\Escritorio\healthcare\venv\Lib\site-packages\django\template\response.py", line 114, in render
    self.content = self.rendered_content
                   ^^^^^^^^^^^^^^^^^^^^^
  File "C:\Users\javie\OneDrive\Escritorio\healthcare\venv\Lib\site-packages\django\template\response.py", line 90, in rendered_content
    template = self.resolve_template(self.template_name)
               ^^^^^^^^^^^^^^^^^^^^^^^^^^^^^^^^^^^^^^^^^
  File "C:\Users\javie\OneDrive\Escritorio\healthcare\venv\Lib\site-packages\django\template\response.py", line 72, in resolve_template
    return select_template(template, using=self.using)
           ^^^^^^^^^^^^^^^^^^^^^^^^^^^^^^^^^^^^^^^^^^^
  File "C:\Users\javie\OneDrive\Escritorio\healthcare\venv\Lib\site-packages\django\template\loader.py", line 47, in select_template
    raise TemplateDoesNotExist(", ".join(template_name_list), chain=chain)
django.template.exceptions.TemplateDoesNotExist: accounts/password_change.html
ERROR 2025-05-01 17:59:00,265 basehttp "GET /accounts/password-change/ HTTP/1.1" 500 86511
INFO 2025-05-01 17:59:39,042 basehttp "GET /accounts/password-change/ HTTP/1.1" 200 229
INFO 2025-05-01 17:59:46,127 basehttp "GET /accounts/login/ HTTP/1.1" 200 8750
INFO 2025-05-01 18:00:24,559 basehttp "GET /accounts/password-change/ HTTP/1.1" 200 229
INFO 2025-05-01 18:00:44,830 autoreload C:\Users\javie\OneDrive\Escritorio\healthcare\accounts\views.py changed, reloading.
INFO 2025-05-01 18:00:45,215 autoreload Watching for file changes with StatReloader
INFO 2025-05-01 18:00:50,954 autoreload C:\Users\javie\OneDrive\Escritorio\healthcare\accounts\views.py changed, reloading.
INFO 2025-05-01 18:00:51,328 autoreload Watching for file changes with StatReloader
INFO 2025-05-01 18:00:55,109 basehttp "GET / HTTP/1.1" 200 7490
INFO 2025-05-01 18:00:55,493 basehttp "GET / HTTP/1.1" 200 7490
INFO 2025-05-01 18:00:56,327 basehttp "GET /accounts/login/ HTTP/1.1" 200 8751
INFO 2025-05-01 18:00:58,836 basehttp "GET /accounts/password-change/ HTTP/1.1" 200 229
INFO 2025-05-01 18:02:02,223 basehttp "GET /accounts/login/ HTTP/1.1" 200 8751
INFO 2025-05-01 18:02:03,375 basehttp "GET /translate/ HTTP/1.1" 200 11787
INFO 2025-05-01 18:02:06,039 basehttp "GET /dashboard/ HTTP/1.1" 200 224
INFO 2025-05-01 18:02:08,178 basehttp "GET / HTTP/1.1" 200 7490
INFO 2025-05-01 18:02:10,733 basehttp "GET / HTTP/1.1" 200 7490
INFO 2025-05-01 18:02:12,284 basehttp "GET /accounts/login/ HTTP/1.1" 200 8751
INFO 2025-05-01 18:02:13,991 basehttp "GET /translate/ HTTP/1.1" 200 11787
WARNING 2025-05-01 18:02:20,021 log Not Found: /.well-known/appspecific/com.chrome.devtools.json
WARNING 2025-05-01 18:02:20,021 basehttp "GET /.well-known/appspecific/com.chrome.devtools.json HTTP/1.1" 404 3874
INFO 2025-05-01 18:03:15,921 basehttp "GET /translate/ HTTP/1.1" 200 11753
WARNING 2025-05-01 18:03:15,939 log Not Found: /.well-known/appspecific/com.chrome.devtools.json
WARNING 2025-05-01 18:03:15,939 basehttp "GET /.well-known/appspecific/com.chrome.devtools.json HTTP/1.1" 404 3874
INFO 2025-05-01 19:26:32,823 basehttp "GET /translate/ HTTP/1.1" 200 11561
WARNING 2025-05-01 19:26:32,839 log Not Found: /.well-known/appspecific/com.chrome.devtools.json
WARNING 2025-05-01 19:26:32,840 basehttp "GET /.well-known/appspecific/com.chrome.devtools.json HTTP/1.1" 404 3874
INFO 2025-05-01 19:26:54,925 basehttp "GET /translate/ HTTP/1.1" 200 11753
WARNING 2025-05-01 19:26:54,942 log Not Found: /.well-known/appspecific/com.chrome.devtools.json
WARNING 2025-05-01 19:26:54,943 basehttp "GET /.well-known/appspecific/com.chrome.devtools.json HTTP/1.1" 404 3874
INFO 2025-05-01 19:27:00,430 basehttp "POST /translate/ HTTP/1.1" 200 79
INFO 2025-05-01 20:19:32,050 autoreload C:\Users\javie\OneDrive\Escritorio\healthcare\translation\services.py changed, reloading.
INFO 2025-05-01 20:19:32,488 autoreload Watching for file changes with StatReloader
INFO 2025-05-01 20:21:10,783 autoreload C:\Users\javie\OneDrive\Escritorio\healthcare\translation\services.py changed, reloading.
INFO 2025-05-01 20:21:11,188 autoreload Watching for file changes with StatReloader
INFO 2025-05-01 20:21:26,232 autoreload C:\Users\javie\OneDrive\Escritorio\healthcare\translation\services.py changed, reloading.
INFO 2025-05-01 20:21:26,624 autoreload Watching for file changes with StatReloader
INFO 2025-05-01 20:21:31,936 autoreload C:\Users\javie\OneDrive\Escritorio\healthcare\translation\services.py changed, reloading.
INFO 2025-05-01 20:21:32,329 autoreload Watching for file changes with StatReloader
INFO 2025-05-01 20:21:40,176 autoreload C:\Users\javie\OneDrive\Escritorio\healthcare\translation\services.py changed, reloading.
INFO 2025-05-01 20:21:40,571 autoreload Watching for file changes with StatReloader
ERROR 2025-05-01 20:24:09,478 log Internal Server Error: /translate/
Traceback (most recent call last):
  File "C:\Users\javie\OneDrive\Escritorio\healthcare\venv\Lib\site-packages\django\template\smartif.py", line 180, in translate_token
    op = OPERATORS[token]
         ~~~~~~~~~^^^^^^^
KeyError: 'code==last_input_lang'

During handling of the above exception, another exception occurred:

Traceback (most recent call last):
  File "C:\Users\javie\OneDrive\Escritorio\healthcare\venv\Lib\site-packages\django\core\handlers\exception.py", line 55, in inner
    response = get_response(request)
               ^^^^^^^^^^^^^^^^^^^^^
  File "C:\Users\javie\OneDrive\Escritorio\healthcare\venv\Lib\site-packages\django\core\handlers\base.py", line 197, in _get_response
    response = wrapped_callback(request, *callback_args, **callback_kwargs)
               ^^^^^^^^^^^^^^^^^^^^^^^^^^^^^^^^^^^^^^^^^^^^^^^^^^^^^^^^^^^^
  File "C:\Users\javie\OneDrive\Escritorio\healthcare\venv\Lib\site-packages\django\views\generic\base.py", line 104, in view
    return self.dispatch(request, *args, **kwargs)
           ^^^^^^^^^^^^^^^^^^^^^^^^^^^^^^^^^^^^^^^
  File "C:\Users\javie\OneDrive\Escritorio\healthcare\venv\Lib\site-packages\django\utils\decorators.py", line 48, in _wrapper
    return bound_method(*args, **kwargs)
           ^^^^^^^^^^^^^^^^^^^^^^^^^^^^^
  File "C:\Users\javie\OneDrive\Escritorio\healthcare\venv\Lib\site-packages\django\views\decorators\csrf.py", line 65, in _view_wrapper
    return view_func(request, *args, **kwargs)
           ^^^^^^^^^^^^^^^^^^^^^^^^^^^^^^^^^^^
  File "C:\Users\javie\OneDrive\Escritorio\healthcare\venv\Lib\site-packages\django\views\generic\base.py", line 143, in dispatch
    return handler(request, *args, **kwargs)
           ^^^^^^^^^^^^^^^^^^^^^^^^^^^^^^^^^
  File "C:\Users\javie\OneDrive\Escritorio\healthcare\translation\views.py", line 94, in get
    return render(request, self.template_name, context)
           ^^^^^^^^^^^^^^^^^^^^^^^^^^^^^^^^^^^^^^^^^^^^
  File "C:\Users\javie\OneDrive\Escritorio\healthcare\venv\Lib\site-packages\django\shortcuts.py", line 25, in render
    content = loader.render_to_string(template_name, context, request, using=using)
              ^^^^^^^^^^^^^^^^^^^^^^^^^^^^^^^^^^^^^^^^^^^^^^^^^^^^^^^^^^^^^^^^^^^^^
  File "C:\Users\javie\OneDrive\Escritorio\healthcare\venv\Lib\site-packages\django\template\loader.py", line 61, in render_to_string
    template = get_template(template_name, using=using)
               ^^^^^^^^^^^^^^^^^^^^^^^^^^^^^^^^^^^^^^^^
  File "C:\Users\javie\OneDrive\Escritorio\healthcare\venv\Lib\site-packages\django\template\loader.py", line 15, in get_template
    return engine.get_template(template_name)
           ^^^^^^^^^^^^^^^^^^^^^^^^^^^^^^^^^^
  File "C:\Users\javie\OneDrive\Escritorio\healthcare\venv\Lib\site-packages\django\template\backends\django.py", line 79, in get_template
    return Template(self.engine.get_template(template_name), self)
                    ^^^^^^^^^^^^^^^^^^^^^^^^^^^^^^^^^^^^^^^
  File "C:\Users\javie\OneDrive\Escritorio\healthcare\venv\Lib\site-packages\django\template\engine.py", line 177, in get_template
    template, origin = self.find_template(template_name)
                       ^^^^^^^^^^^^^^^^^^^^^^^^^^^^^^^^^
  File "C:\Users\javie\OneDrive\Escritorio\healthcare\venv\Lib\site-packages\django\template\engine.py", line 159, in find_template
    template = loader.get_template(name, skip=skip)
               ^^^^^^^^^^^^^^^^^^^^^^^^^^^^^^^^^^^^
  File "C:\Users\javie\OneDrive\Escritorio\healthcare\venv\Lib\site-packages\django\template\loaders\cached.py", line 57, in get_template
    template = super().get_template(template_name, skip)
               ^^^^^^^^^^^^^^^^^^^^^^^^^^^^^^^^^^^^^^^^^
  File "C:\Users\javie\OneDrive\Escritorio\healthcare\venv\Lib\site-packages\django\template\loaders\base.py", line 28, in get_template
    return Template(
           ^^^^^^^^^
  File "C:\Users\javie\OneDrive\Escritorio\healthcare\venv\Lib\site-packages\django\template\base.py", line 154, in __init__
    self.nodelist = self.compile_nodelist()
                    ^^^^^^^^^^^^^^^^^^^^^^^
  File "C:\Users\javie\OneDrive\Escritorio\healthcare\venv\Lib\site-packages\django\template\base.py", line 196, in compile_nodelist
    nodelist = parser.parse()
               ^^^^^^^^^^^^^^
  File "C:\Users\javie\OneDrive\Escritorio\healthcare\venv\Lib\site-packages\django\template\base.py", line 518, in parse
    raise self.error(token, e)
  File "C:\Users\javie\OneDrive\Escritorio\healthcare\venv\Lib\site-packages\django\template\base.py", line 516, in parse
    compiled_result = compile_func(self, token)
                      ^^^^^^^^^^^^^^^^^^^^^^^^^
  File "C:\Users\javie\OneDrive\Escritorio\healthcare\venv\Lib\site-packages\django\template\loader_tags.py", line 299, in do_extends
    nodelist = parser.parse()
               ^^^^^^^^^^^^^^
  File "C:\Users\javie\OneDrive\Escritorio\healthcare\venv\Lib\site-packages\django\template\base.py", line 518, in parse
    raise self.error(token, e)
  File "C:\Users\javie\OneDrive\Escritorio\healthcare\venv\Lib\site-packages\django\template\base.py", line 516, in parse
    compiled_result = compile_func(self, token)
                      ^^^^^^^^^^^^^^^^^^^^^^^^^
  File "C:\Users\javie\OneDrive\Escritorio\healthcare\venv\Lib\site-packages\django\template\loader_tags.py", line 234, in do_block
    nodelist = parser.parse(("endblock",))
               ^^^^^^^^^^^^^^^^^^^^^^^^^^^
  File "C:\Users\javie\OneDrive\Escritorio\healthcare\venv\Lib\site-packages\django\template\base.py", line 518, in parse
    raise self.error(token, e)
  File "C:\Users\javie\OneDrive\Escritorio\healthcare\venv\Lib\site-packages\django\template\base.py", line 516, in parse
    compiled_result = compile_func(self, token)
                      ^^^^^^^^^^^^^^^^^^^^^^^^^
  File "C:\Users\javie\OneDrive\Escritorio\healthcare\venv\Lib\site-packages\django\template\defaulttags.py", line 862, in do_for
    nodelist_loop = parser.parse(
                    ^^^^^^^^^^^^^
  File "C:\Users\javie\OneDrive\Escritorio\healthcare\venv\Lib\site-packages\django\template\base.py", line 518, in parse
    raise self.error(token, e)
  File "C:\Users\javie\OneDrive\Escritorio\healthcare\venv\Lib\site-packages\django\template\base.py", line 516, in parse
    compiled_result = compile_func(self, token)
                      ^^^^^^^^^^^^^^^^^^^^^^^^^
  File "C:\Users\javie\OneDrive\Escritorio\healthcare\venv\Lib\site-packages\django\template\defaulttags.py", line 961, in do_if
    condition = TemplateIfParser(parser, bits).parse()
                ^^^^^^^^^^^^^^^^^^^^^^^^^^^^^^
  File "C:\Users\javie\OneDrive\Escritorio\healthcare\venv\Lib\site-packages\django\template\defaulttags.py", line 894, in __init__
    super().__init__(*args, **kwargs)
  File "C:\Users\javie\OneDrive\Escritorio\healthcare\venv\Lib\site-packages\django\template\smartif.py", line 171, in __init__
    mapped_tokens.append(self.translate_token(token))
                         ^^^^^^^^^^^^^^^^^^^^^^^^^^^
  File "C:\Users\javie\OneDrive\Escritorio\healthcare\venv\Lib\site-packages\django\template\smartif.py", line 182, in translate_token
    return self.create_var(token)
           ^^^^^^^^^^^^^^^^^^^^^^
  File "C:\Users\javie\OneDrive\Escritorio\healthcare\venv\Lib\site-packages\django\template\defaulttags.py", line 897, in create_var
    return TemplateLiteral(self.template_parser.compile_filter(value), value)
                           ^^^^^^^^^^^^^^^^^^^^^^^^^^^^^^^^^^^^^^^^^^
  File "C:\Users\javie\OneDrive\Escritorio\healthcare\venv\Lib\site-packages\django\template\base.py", line 609, in compile_filter
    return FilterExpression(token, self)
           ^^^^^^^^^^^^^^^^^^^^^^^^^^^^^
  File "C:\Users\javie\OneDrive\Escritorio\healthcare\venv\Lib\site-packages\django\template\base.py", line 710, in __init__
    raise TemplateSyntaxError(
django.template.exceptions.TemplateSyntaxError: Could not parse the remainder: '==last_input_lang' from 'code==last_input_lang'
ERROR 2025-05-01 20:24:09,485 basehttp "GET /translate/ HTTP/1.1" 500 266101
WARNING 2025-05-01 20:24:09,504 log Not Found: /.well-known/appspecific/com.chrome.devtools.json
WARNING 2025-05-01 20:24:09,505 basehttp "GET /.well-known/appspecific/com.chrome.devtools.json HTTP/1.1" 404 3874
ERROR 2025-05-01 20:25:43,475 log Internal Server Error: /translate/
Traceback (most recent call last):
  File "C:\Users\javie\OneDrive\Escritorio\healthcare\venv\Lib\site-packages\django\template\smartif.py", line 180, in translate_token
    op = OPERATORS[token]
         ~~~~~~~~~^^^^^^^
KeyError: 'code==last_input_lang'

During handling of the above exception, another exception occurred:

Traceback (most recent call last):
  File "C:\Users\javie\OneDrive\Escritorio\healthcare\venv\Lib\site-packages\django\core\handlers\exception.py", line 55, in inner
    response = get_response(request)
               ^^^^^^^^^^^^^^^^^^^^^
  File "C:\Users\javie\OneDrive\Escritorio\healthcare\venv\Lib\site-packages\django\core\handlers\base.py", line 197, in _get_response
    response = wrapped_callback(request, *callback_args, **callback_kwargs)
               ^^^^^^^^^^^^^^^^^^^^^^^^^^^^^^^^^^^^^^^^^^^^^^^^^^^^^^^^^^^^
  File "C:\Users\javie\OneDrive\Escritorio\healthcare\venv\Lib\site-packages\django\views\generic\base.py", line 104, in view
    return self.dispatch(request, *args, **kwargs)
           ^^^^^^^^^^^^^^^^^^^^^^^^^^^^^^^^^^^^^^^
  File "C:\Users\javie\OneDrive\Escritorio\healthcare\venv\Lib\site-packages\django\utils\decorators.py", line 48, in _wrapper
    return bound_method(*args, **kwargs)
           ^^^^^^^^^^^^^^^^^^^^^^^^^^^^^
  File "C:\Users\javie\OneDrive\Escritorio\healthcare\venv\Lib\site-packages\django\views\decorators\csrf.py", line 65, in _view_wrapper
    return view_func(request, *args, **kwargs)
           ^^^^^^^^^^^^^^^^^^^^^^^^^^^^^^^^^^^
  File "C:\Users\javie\OneDrive\Escritorio\healthcare\venv\Lib\site-packages\django\views\generic\base.py", line 143, in dispatch
    return handler(request, *args, **kwargs)
           ^^^^^^^^^^^^^^^^^^^^^^^^^^^^^^^^^
  File "C:\Users\javie\OneDrive\Escritorio\healthcare\translation\views.py", line 94, in get
    return render(request, self.template_name, context)
           ^^^^^^^^^^^^^^^^^^^^^^^^^^^^^^^^^^^^^^^^^^^^
  File "C:\Users\javie\OneDrive\Escritorio\healthcare\venv\Lib\site-packages\django\shortcuts.py", line 25, in render
    content = loader.render_to_string(template_name, context, request, using=using)
              ^^^^^^^^^^^^^^^^^^^^^^^^^^^^^^^^^^^^^^^^^^^^^^^^^^^^^^^^^^^^^^^^^^^^^
  File "C:\Users\javie\OneDrive\Escritorio\healthcare\venv\Lib\site-packages\django\template\loader.py", line 61, in render_to_string
    template = get_template(template_name, using=using)
               ^^^^^^^^^^^^^^^^^^^^^^^^^^^^^^^^^^^^^^^^
  File "C:\Users\javie\OneDrive\Escritorio\healthcare\venv\Lib\site-packages\django\template\loader.py", line 15, in get_template
    return engine.get_template(template_name)
           ^^^^^^^^^^^^^^^^^^^^^^^^^^^^^^^^^^
  File "C:\Users\javie\OneDrive\Escritorio\healthcare\venv\Lib\site-packages\django\template\backends\django.py", line 79, in get_template
    return Template(self.engine.get_template(template_name), self)
                    ^^^^^^^^^^^^^^^^^^^^^^^^^^^^^^^^^^^^^^^
  File "C:\Users\javie\OneDrive\Escritorio\healthcare\venv\Lib\site-packages\django\template\engine.py", line 177, in get_template
    template, origin = self.find_template(template_name)
                       ^^^^^^^^^^^^^^^^^^^^^^^^^^^^^^^^^
  File "C:\Users\javie\OneDrive\Escritorio\healthcare\venv\Lib\site-packages\django\template\engine.py", line 159, in find_template
    template = loader.get_template(name, skip=skip)
               ^^^^^^^^^^^^^^^^^^^^^^^^^^^^^^^^^^^^
  File "C:\Users\javie\OneDrive\Escritorio\healthcare\venv\Lib\site-packages\django\template\loaders\cached.py", line 57, in get_template
    template = super().get_template(template_name, skip)
               ^^^^^^^^^^^^^^^^^^^^^^^^^^^^^^^^^^^^^^^^^
  File "C:\Users\javie\OneDrive\Escritorio\healthcare\venv\Lib\site-packages\django\template\loaders\base.py", line 28, in get_template
    return Template(
           ^^^^^^^^^
  File "C:\Users\javie\OneDrive\Escritorio\healthcare\venv\Lib\site-packages\django\template\base.py", line 154, in __init__
    self.nodelist = self.compile_nodelist()
                    ^^^^^^^^^^^^^^^^^^^^^^^
  File "C:\Users\javie\OneDrive\Escritorio\healthcare\venv\Lib\site-packages\django\template\base.py", line 196, in compile_nodelist
    nodelist = parser.parse()
               ^^^^^^^^^^^^^^
  File "C:\Users\javie\OneDrive\Escritorio\healthcare\venv\Lib\site-packages\django\template\base.py", line 518, in parse
    raise self.error(token, e)
  File "C:\Users\javie\OneDrive\Escritorio\healthcare\venv\Lib\site-packages\django\template\base.py", line 516, in parse
    compiled_result = compile_func(self, token)
                      ^^^^^^^^^^^^^^^^^^^^^^^^^
  File "C:\Users\javie\OneDrive\Escritorio\healthcare\venv\Lib\site-packages\django\template\loader_tags.py", line 299, in do_extends
    nodelist = parser.parse()
               ^^^^^^^^^^^^^^
  File "C:\Users\javie\OneDrive\Escritorio\healthcare\venv\Lib\site-packages\django\template\base.py", line 518, in parse
    raise self.error(token, e)
  File "C:\Users\javie\OneDrive\Escritorio\healthcare\venv\Lib\site-packages\django\template\base.py", line 516, in parse
    compiled_result = compile_func(self, token)
                      ^^^^^^^^^^^^^^^^^^^^^^^^^
  File "C:\Users\javie\OneDrive\Escritorio\healthcare\venv\Lib\site-packages\django\template\loader_tags.py", line 234, in do_block
    nodelist = parser.parse(("endblock",))
               ^^^^^^^^^^^^^^^^^^^^^^^^^^^
  File "C:\Users\javie\OneDrive\Escritorio\healthcare\venv\Lib\site-packages\django\template\base.py", line 518, in parse
    raise self.error(token, e)
  File "C:\Users\javie\OneDrive\Escritorio\healthcare\venv\Lib\site-packages\django\template\base.py", line 516, in parse
    compiled_result = compile_func(self, token)
                      ^^^^^^^^^^^^^^^^^^^^^^^^^
  File "C:\Users\javie\OneDrive\Escritorio\healthcare\venv\Lib\site-packages\django\template\defaulttags.py", line 862, in do_for
    nodelist_loop = parser.parse(
                    ^^^^^^^^^^^^^
  File "C:\Users\javie\OneDrive\Escritorio\healthcare\venv\Lib\site-packages\django\template\base.py", line 518, in parse
    raise self.error(token, e)
  File "C:\Users\javie\OneDrive\Escritorio\healthcare\venv\Lib\site-packages\django\template\base.py", line 516, in parse
    compiled_result = compile_func(self, token)
                      ^^^^^^^^^^^^^^^^^^^^^^^^^
  File "C:\Users\javie\OneDrive\Escritorio\healthcare\venv\Lib\site-packages\django\template\defaulttags.py", line 961, in do_if
    condition = TemplateIfParser(parser, bits).parse()
                ^^^^^^^^^^^^^^^^^^^^^^^^^^^^^^
  File "C:\Users\javie\OneDrive\Escritorio\healthcare\venv\Lib\site-packages\django\template\defaulttags.py", line 894, in __init__
    super().__init__(*args, **kwargs)
  File "C:\Users\javie\OneDrive\Escritorio\healthcare\venv\Lib\site-packages\django\template\smartif.py", line 171, in __init__
    mapped_tokens.append(self.translate_token(token))
                         ^^^^^^^^^^^^^^^^^^^^^^^^^^^
  File "C:\Users\javie\OneDrive\Escritorio\healthcare\venv\Lib\site-packages\django\template\smartif.py", line 182, in translate_token
    return self.create_var(token)
           ^^^^^^^^^^^^^^^^^^^^^^
  File "C:\Users\javie\OneDrive\Escritorio\healthcare\venv\Lib\site-packages\django\template\defaulttags.py", line 897, in create_var
    return TemplateLiteral(self.template_parser.compile_filter(value), value)
                           ^^^^^^^^^^^^^^^^^^^^^^^^^^^^^^^^^^^^^^^^^^
  File "C:\Users\javie\OneDrive\Escritorio\healthcare\venv\Lib\site-packages\django\template\base.py", line 609, in compile_filter
    return FilterExpression(token, self)
           ^^^^^^^^^^^^^^^^^^^^^^^^^^^^^
  File "C:\Users\javie\OneDrive\Escritorio\healthcare\venv\Lib\site-packages\django\template\base.py", line 710, in __init__
    raise TemplateSyntaxError(
django.template.exceptions.TemplateSyntaxError: Could not parse the remainder: '==last_input_lang' from 'code==last_input_lang'
ERROR 2025-05-01 20:25:43,481 basehttp "GET /translate/ HTTP/1.1" 500 265847
WARNING 2025-05-01 20:25:43,495 log Not Found: /.well-known/appspecific/com.chrome.devtools.json
WARNING 2025-05-01 20:25:43,496 basehttp "GET /.well-known/appspecific/com.chrome.devtools.json HTTP/1.1" 404 3874
INFO 2025-05-01 20:26:52,366 basehttp "GET /translate/ HTTP/1.1" 200 13010
WARNING 2025-05-01 20:26:52,380 log Not Found: /.well-known/appspecific/com.chrome.devtools.json
WARNING 2025-05-01 20:26:52,381 basehttp "GET /.well-known/appspecific/com.chrome.devtools.json HTTP/1.1" 404 3874
INFO 2025-05-01 20:27:09,666 basehttp "GET /translate/ HTTP/1.1" 200 12602
WARNING 2025-05-01 20:27:09,685 log Not Found: /.well-known/appspecific/com.chrome.devtools.json
WARNING 2025-05-01 20:27:09,685 basehttp "GET /.well-known/appspecific/com.chrome.devtools.json HTTP/1.1" 404 3874
INFO 2025-05-01 20:27:22,163 basehttp "GET /translate/ HTTP/1.1" 200 12194
WARNING 2025-05-01 20:27:22,182 log Not Found: /.well-known/appspecific/com.chrome.devtools.json
WARNING 2025-05-01 20:27:22,182 basehttp "GET /.well-known/appspecific/com.chrome.devtools.json HTTP/1.1" 404 3874
INFO 2025-05-01 20:27:33,066 basehttp "GET /translate/ HTTP/1.1" 200 12194
WARNING 2025-05-01 20:27:33,083 log Not Found: /.well-known/appspecific/com.chrome.devtools.json
WARNING 2025-05-01 20:27:33,083 basehttp "GET /.well-known/appspecific/com.chrome.devtools.json HTTP/1.1" 404 3874
INFO 2025-05-01 20:27:41,959 basehttp "POST /translate/ HTTP/1.1" 200 79
INFO 2025-05-01 20:27:52,693 basehttp "GET /translate/ HTTP/1.1" 200 12191
WARNING 2025-05-01 20:27:52,711 log Not Found: /.well-known/appspecific/com.chrome.devtools.json
WARNING 2025-05-01 20:27:52,712 basehttp "GET /.well-known/appspecific/com.chrome.devtools.json HTTP/1.1" 404 3874
INFO 2025-05-01 20:28:06,535 basehttp "GET /translate/ HTTP/1.1" 200 12193
WARNING 2025-05-01 20:28:06,551 log Not Found: /.well-known/appspecific/com.chrome.devtools.json
WARNING 2025-05-01 20:28:06,551 basehttp "GET /.well-known/appspecific/com.chrome.devtools.json HTTP/1.1" 404 3874
INFO 2025-05-01 20:28:16,403 basehttp "GET /translate/ HTTP/1.1" 200 12194
WARNING 2025-05-01 20:28:16,418 log Not Found: /.well-known/appspecific/com.chrome.devtools.json
WARNING 2025-05-01 20:28:16,419 basehttp "GET /.well-known/appspecific/com.chrome.devtools.json HTTP/1.1" 404 3874
INFO 2025-05-01 20:29:22,548 basehttp "GET /translate/ HTTP/1.1" 200 12181
WARNING 2025-05-01 20:29:22,564 log Not Found: /.well-known/appspecific/com.chrome.devtools.json
WARNING 2025-05-01 20:29:22,564 basehttp "GET /.well-known/appspecific/com.chrome.devtools.json HTTP/1.1" 404 3874
ERROR 2025-05-01 20:29:55,294 log Internal Server Error: /translate/
Traceback (most recent call last):
  File "C:\Users\javie\OneDrive\Escritorio\healthcare\venv\Lib\site-packages\django\core\handlers\exception.py", line 55, in inner
    response = get_response(request)
               ^^^^^^^^^^^^^^^^^^^^^
  File "C:\Users\javie\OneDrive\Escritorio\healthcare\venv\Lib\site-packages\django\core\handlers\base.py", line 197, in _get_response
    response = wrapped_callback(request, *callback_args, **callback_kwargs)
               ^^^^^^^^^^^^^^^^^^^^^^^^^^^^^^^^^^^^^^^^^^^^^^^^^^^^^^^^^^^^
  File "C:\Users\javie\OneDrive\Escritorio\healthcare\venv\Lib\site-packages\django\views\generic\base.py", line 104, in view
    return self.dispatch(request, *args, **kwargs)
           ^^^^^^^^^^^^^^^^^^^^^^^^^^^^^^^^^^^^^^^
  File "C:\Users\javie\OneDrive\Escritorio\healthcare\venv\Lib\site-packages\django\utils\decorators.py", line 48, in _wrapper
    return bound_method(*args, **kwargs)
           ^^^^^^^^^^^^^^^^^^^^^^^^^^^^^
  File "C:\Users\javie\OneDrive\Escritorio\healthcare\venv\Lib\site-packages\django\views\decorators\csrf.py", line 65, in _view_wrapper
    return view_func(request, *args, **kwargs)
           ^^^^^^^^^^^^^^^^^^^^^^^^^^^^^^^^^^^
  File "C:\Users\javie\OneDrive\Escritorio\healthcare\venv\Lib\site-packages\django\views\generic\base.py", line 143, in dispatch
    return handler(request, *args, **kwargs)
           ^^^^^^^^^^^^^^^^^^^^^^^^^^^^^^^^^
  File "C:\Users\javie\OneDrive\Escritorio\healthcare\translation\views.py", line 94, in get
    return render(request, self.template_name, context)
           ^^^^^^^^^^^^^^^^^^^^^^^^^^^^^^^^^^^^^^^^^^^^
  File "C:\Users\javie\OneDrive\Escritorio\healthcare\venv\Lib\site-packages\django\shortcuts.py", line 25, in render
    content = loader.render_to_string(template_name, context, request, using=using)
              ^^^^^^^^^^^^^^^^^^^^^^^^^^^^^^^^^^^^^^^^^^^^^^^^^^^^^^^^^^^^^^^^^^^^^
  File "C:\Users\javie\OneDrive\Escritorio\healthcare\venv\Lib\site-packages\django\template\loader.py", line 62, in render_to_string
    return template.render(context, request)
           ^^^^^^^^^^^^^^^^^^^^^^^^^^^^^^^^^
  File "C:\Users\javie\OneDrive\Escritorio\healthcare\venv\Lib\site-packages\django\template\backends\django.py", line 107, in render
    return self.template.render(context)
           ^^^^^^^^^^^^^^^^^^^^^^^^^^^^^
  File "C:\Users\javie\OneDrive\Escritorio\healthcare\venv\Lib\site-packages\django\template\base.py", line 171, in render
    return self._render(context)
           ^^^^^^^^^^^^^^^^^^^^^
  File "C:\Users\javie\OneDrive\Escritorio\healthcare\venv\Lib\site-packages\django\template\base.py", line 163, in _render
    return self.nodelist.render(context)
           ^^^^^^^^^^^^^^^^^^^^^^^^^^^^^
  File "C:\Users\javie\OneDrive\Escritorio\healthcare\venv\Lib\site-packages\django\template\base.py", line 1016, in render
    return SafeString("".join([node.render_annotated(context) for node in self]))
                              ^^^^^^^^^^^^^^^^^^^^^^^^^^^^^^^^^^^^^^^^^^^^^^^^^
  File "C:\Users\javie\OneDrive\Escritorio\healthcare\venv\Lib\site-packages\django\template\base.py", line 1016, in <listcomp>
    return SafeString("".join([node.render_annotated(context) for node in self]))
                               ^^^^^^^^^^^^^^^^^^^^^^^^^^^^^^
  File "C:\Users\javie\OneDrive\Escritorio\healthcare\venv\Lib\site-packages\django\template\base.py", line 977, in render_annotated
    return self.render(context)
           ^^^^^^^^^^^^^^^^^^^^
  File "C:\Users\javie\OneDrive\Escritorio\healthcare\venv\Lib\site-packages\django\template\loader_tags.py", line 159, in render
    return compiled_parent._render(context)
           ^^^^^^^^^^^^^^^^^^^^^^^^^^^^^^^^
  File "C:\Users\javie\OneDrive\Escritorio\healthcare\venv\Lib\site-packages\django\template\base.py", line 163, in _render
    return self.nodelist.render(context)
           ^^^^^^^^^^^^^^^^^^^^^^^^^^^^^
  File "C:\Users\javie\OneDrive\Escritorio\healthcare\venv\Lib\site-packages\django\template\base.py", line 1016, in render
    return SafeString("".join([node.render_annotated(context) for node in self]))
                              ^^^^^^^^^^^^^^^^^^^^^^^^^^^^^^^^^^^^^^^^^^^^^^^^^
  File "C:\Users\javie\OneDrive\Escritorio\healthcare\venv\Lib\site-packages\django\template\base.py", line 1016, in <listcomp>
    return SafeString("".join([node.render_annotated(context) for node in self]))
                               ^^^^^^^^^^^^^^^^^^^^^^^^^^^^^^
  File "C:\Users\javie\OneDrive\Escritorio\healthcare\venv\Lib\site-packages\django\template\base.py", line 977, in render_annotated
    return self.render(context)
           ^^^^^^^^^^^^^^^^^^^^
  File "C:\Users\javie\OneDrive\Escritorio\healthcare\venv\Lib\site-packages\django\template\loader_tags.py", line 199, in render
    template = context.template.engine.select_template(template_name)
               ^^^^^^^^^^^^^^^^^^^^^^^^^^^^^^^^^^^^^^^^^^^^^^^^^^^^^^
  File "C:\Users\javie\OneDrive\Escritorio\healthcare\venv\Lib\site-packages\django\template\engine.py", line 208, in select_template
    return self.get_template(template_name)
           ^^^^^^^^^^^^^^^^^^^^^^^^^^^^^^^^
  File "C:\Users\javie\OneDrive\Escritorio\healthcare\venv\Lib\site-packages\django\template\engine.py", line 177, in get_template
    template, origin = self.find_template(template_name)
                       ^^^^^^^^^^^^^^^^^^^^^^^^^^^^^^^^^
  File "C:\Users\javie\OneDrive\Escritorio\healthcare\venv\Lib\site-packages\django\template\engine.py", line 159, in find_template
    template = loader.get_template(name, skip=skip)
               ^^^^^^^^^^^^^^^^^^^^^^^^^^^^^^^^^^^^
  File "C:\Users\javie\OneDrive\Escritorio\healthcare\venv\Lib\site-packages\django\template\loaders\cached.py", line 57, in get_template
    template = super().get_template(template_name, skip)
               ^^^^^^^^^^^^^^^^^^^^^^^^^^^^^^^^^^^^^^^^^
  File "C:\Users\javie\OneDrive\Escritorio\healthcare\venv\Lib\site-packages\django\template\loaders\base.py", line 28, in get_template
    return Template(
           ^^^^^^^^^
  File "C:\Users\javie\OneDrive\Escritorio\healthcare\venv\Lib\site-packages\django\template\base.py", line 154, in __init__
    self.nodelist = self.compile_nodelist()
                    ^^^^^^^^^^^^^^^^^^^^^^^
  File "C:\Users\javie\OneDrive\Escritorio\healthcare\venv\Lib\site-packages\django\template\base.py", line 196, in compile_nodelist
    nodelist = parser.parse()
               ^^^^^^^^^^^^^^
  File "C:\Users\javie\OneDrive\Escritorio\healthcare\venv\Lib\site-packages\django\template\base.py", line 518, in parse
    raise self.error(token, e)
  File "C:\Users\javie\OneDrive\Escritorio\healthcare\venv\Lib\site-packages\django\template\base.py", line 516, in parse
    compiled_result = compile_func(self, token)
                      ^^^^^^^^^^^^^^^^^^^^^^^^^
  File "C:\Users\javie\OneDrive\Escritorio\healthcare\venv\Lib\site-packages\django\template\loader_tags.py", line 234, in do_block
    nodelist = parser.parse(("endblock",))
               ^^^^^^^^^^^^^^^^^^^^^^^^^^^
  File "C:\Users\javie\OneDrive\Escritorio\healthcare\venv\Lib\site-packages\django\template\base.py", line 518, in parse
    raise self.error(token, e)
  File "C:\Users\javie\OneDrive\Escritorio\healthcare\venv\Lib\site-packages\django\template\base.py", line 516, in parse
    compiled_result = compile_func(self, token)
                      ^^^^^^^^^^^^^^^^^^^^^^^^^
  File "C:\Users\javie\OneDrive\Escritorio\healthcare\venv\Lib\site-packages\django\template\loader_tags.py", line 228, in do_block
    raise TemplateSyntaxError(
django.template.exceptions.TemplateSyntaxError: 'block' tag with name 'scripts' appears more than once
ERROR 2025-05-01 20:29:55,298 basehttp "GET /translate/ HTTP/1.1" 500 247652
WARNING 2025-05-01 20:29:55,321 log Not Found: /.well-known/appspecific/com.chrome.devtools.json
WARNING 2025-05-01 20:29:55,321 basehttp "GET /.well-known/appspecific/com.chrome.devtools.json HTTP/1.1" 404 3874
INFO 2025-05-01 20:30:04,827 basehttp "GET /translate/ HTTP/1.1" 200 14241
WARNING 2025-05-01 20:30:04,843 log Not Found: /.well-known/appspecific/com.chrome.devtools.json
WARNING 2025-05-01 20:30:04,843 basehttp "GET /.well-known/appspecific/com.chrome.devtools.json HTTP/1.1" 404 3874
INFO 2025-05-01 20:30:13,319 basehttp "POST /translate/ HTTP/1.1" 200 79
INFO 2025-05-01 20:30:50,846 basehttp "GET /translate/ HTTP/1.1" 200 14241
WARNING 2025-05-01 20:30:50,865 log Not Found: /.well-known/appspecific/com.chrome.devtools.json
WARNING 2025-05-01 20:30:50,865 basehttp "GET /.well-known/appspecific/com.chrome.devtools.json HTTP/1.1" 404 3874
INFO 2025-05-01 20:31:04,123 basehttp "GET / HTTP/1.1" 200 9550
INFO 2025-05-01 20:31:05,496 basehttp "GET /translate/ HTTP/1.1" 200 14241
INFO 2025-05-01 20:31:24,460 basehttp "GET /translate/ HTTP/1.1" 200 14241
WARNING 2025-05-01 20:31:24,881 log Not Found: /favicon.ico
WARNING 2025-05-01 20:31:24,881 basehttp "GET /favicon.ico HTTP/1.1" 404 3763
INFO 2025-05-01 20:32:09,493 basehttp "POST /translate/ HTTP/1.1" 200 99
INFO 2025-05-01 20:32:44,617 autoreload C:\Users\javie\OneDrive\Escritorio\healthcare\translation\views.py changed, reloading.
INFO 2025-05-01 20:32:45,048 autoreload Watching for file changes with StatReloader
INFO 2025-05-01 20:32:47,674 basehttp "GET /translate/ HTTP/1.1" 200 14256
INFO 2025-05-01 20:32:57,990 autoreload Watching for file changes with StatReloader
INFO 2025-05-01 20:33:21,671 basehttp "GET / HTTP/1.1" 200 9565
INFO 2025-05-01 20:33:22,801 basehttp "GET /translate/ HTTP/1.1" 200 14256
INFO 2025-05-01 20:33:47,437 basehttp "GET /translate/ HTTP/1.1" 200 14255
INFO 2025-05-01 20:34:02,154 basehttp "GET /translate/ HTTP/1.1" 200 14253
INFO 2025-05-01 20:34:18,068 basehttp "GET /translate/ HTTP/1.1" 200 14252
WARNING 2025-05-01 20:34:33,510 log Not Found: /.well-known/appspecific/com.chrome.devtools.json
WARNING 2025-05-01 20:34:33,511 basehttp "GET /.well-known/appspecific/com.chrome.devtools.json HTTP/1.1" 404 3874
INFO 2025-05-01 20:52:32,532 basehttp "GET /translate/ HTTP/1.1" 200 14992
WARNING 2025-05-01 20:52:32,553 log Not Found: /.well-known/appspecific/com.chrome.devtools.json
WARNING 2025-05-01 20:52:32,553 basehttp "GET /.well-known/appspecific/com.chrome.devtools.json HTTP/1.1" 404 3874
INFO 2025-05-01 20:52:35,257 basehttp "GET /translate/ HTTP/1.1" 200 14992
WARNING 2025-05-01 20:52:35,269 log Not Found: /.well-known/appspecific/com.chrome.devtools.json
WARNING 2025-05-01 20:52:35,269 basehttp "GET /.well-known/appspecific/com.chrome.devtools.json HTTP/1.1" 404 3874
INFO 2025-05-01 20:52:49,555 basehttp "GET / HTTP/1.1" 200 10301
WARNING 2025-05-01 20:52:49,572 log Not Found: /.well-known/appspecific/com.chrome.devtools.json
WARNING 2025-05-01 20:52:49,573 basehttp "GET /.well-known/appspecific/com.chrome.devtools.json HTTP/1.1" 404 3874
INFO 2025-05-01 20:52:50,938 basehttp "GET /translate/ HTTP/1.1" 200 14992
WARNING 2025-05-01 20:52:50,957 log Not Found: /.well-known/appspecific/com.chrome.devtools.json
WARNING 2025-05-01 20:52:50,957 basehttp "GET /.well-known/appspecific/com.chrome.devtools.json HTTP/1.1" 404 3874
INFO 2025-05-01 20:53:16,429 basehttp "GET /translate/ HTTP/1.1" 200 14992
WARNING 2025-05-01 20:53:16,447 log Not Found: /.well-known/appspecific/com.chrome.devtools.json
WARNING 2025-05-01 20:53:16,447 basehttp "GET /.well-known/appspecific/com.chrome.devtools.json HTTP/1.1" 404 3874
INFO 2025-05-01 20:54:26,934 basehttp "POST /translate/ HTTP/1.1" 200 80
INFO 2025-05-01 20:54:32,087 basehttp "POST /translate/ HTTP/1.1" 200 87
INFO 2025-05-01 21:10:41,186 basehttp "GET /translate/ HTTP/1.1" 200 16042
WARNING 2025-05-01 21:10:41,202 log Not Found: /.well-known/appspecific/com.chrome.devtools.json
WARNING 2025-05-01 21:10:41,203 basehttp "GET /.well-known/appspecific/com.chrome.devtools.json HTTP/1.1" 404 3874
INFO 2025-05-01 21:26:15,164 basehttp "GET /translate/ HTTP/1.1" 200 17060
WARNING 2025-05-01 21:26:15,181 log Not Found: /.well-known/appspecific/com.chrome.devtools.json
WARNING 2025-05-01 21:26:15,181 basehttp "GET /.well-known/appspecific/com.chrome.devtools.json HTTP/1.1" 404 3874
INFO 2025-05-01 21:27:00,202 basehttp "POST /translate/ HTTP/1.1" 200 80
WARNING 2025-05-01 21:27:11,987 log Not Found: /.well-known/appspecific/com.chrome.devtools.json
WARNING 2025-05-01 21:27:11,987 basehttp "GET /.well-known/appspecific/com.chrome.devtools.json HTTP/1.1" 404 3874
INFO 2025-05-01 21:31:10,684 autoreload Watching for file changes with StatReloader
INFO 2025-05-01 21:31:15,739 basehttp "GET /translate/ HTTP/1.1" 200 17209
WARNING 2025-05-01 21:31:15,758 log Not Found: /.well-known/appspecific/com.chrome.devtools.json
WARNING 2025-05-01 21:31:15,759 basehttp "GET /.well-known/appspecific/com.chrome.devtools.json HTTP/1.1" 404 3874
INFO 2025-05-01 21:31:41,549 basehttp "GET /translate/ HTTP/1.1" 200 17185
WARNING 2025-05-01 21:31:41,575 log Not Found: /.well-known/appspecific/com.chrome.devtools.json
WARNING 2025-05-01 21:31:41,576 basehttp "GET /.well-known/appspecific/com.chrome.devtools.json HTTP/1.1" 404 3874
INFO 2025-05-01 21:31:59,541 basehttp "GET / HTTP/1.1" 200 12337
WARNING 2025-05-01 21:31:59,933 log Not Found: /favicon.ico
WARNING 2025-05-01 21:31:59,933 basehttp "GET /favicon.ico HTTP/1.1" 404 3763
INFO 2025-05-01 21:32:01,969 basehttp "GET /accounts/login/ HTTP/1.1" 200 13442
INFO 2025-05-01 21:32:07,111 basehttp "POST /accounts/login/ HTTP/1.1" 302 0
INFO 2025-05-01 21:32:07,115 basehttp "GET / HTTP/1.1" 200 12494
INFO 2025-05-01 21:32:08,105 basehttp "GET /translate/ HTTP/1.1" 200 17185
INFO 2025-05-01 21:33:05,993 basehttp "GET /translate/ HTTP/1.1" 200 17060
WARNING 2025-05-01 21:33:06,296 log Not Found: /favicon.ico
WARNING 2025-05-01 21:33:06,296 basehttp "GET /favicon.ico HTTP/1.1" 404 3763
INFO 2025-05-01 21:33:14,726 basehttp "POST /translate/ HTTP/1.1" 200 80
INFO 2025-05-01 21:33:43,087 basehttp "POST /translate/ HTTP/1.1" 200 105
INFO 2025-05-01 21:33:48,427 basehttp "POST /translate/ HTTP/1.1" 200 100
INFO 2025-05-01 21:35:55,530 basehttp "GET / HTTP/1.1" 200 12369
INFO 2025-05-01 21:35:58,265 basehttp "GET / HTTP/1.1" 200 12369
INFO 2025-05-01 21:35:59,376 basehttp "GET / HTTP/1.1" 200 12369
INFO 2025-05-01 21:36:00,322 basehttp "GET /translate/ HTTP/1.1" 200 17060
INFO 2025-05-01 21:36:37,893 basehttp "GET / HTTP/1.1" 200 12369
INFO 2025-05-01 21:38:44,304 basehttp "GET / HTTP/1.1" 200 12383
WARNING 2025-05-01 21:38:44,659 log Not Found: /favicon.ico
WARNING 2025-05-01 21:38:44,659 basehttp "GET /favicon.ico HTTP/1.1" 404 3763
INFO 2025-05-01 21:38:47,442 basehttp "GET / HTTP/1.1" 200 12383
INFO 2025-05-01 21:38:48,468 basehttp "GET /translate/ HTTP/1.1" 200 17074
INFO 2025-05-01 21:38:49,943 basehttp "GET / HTTP/1.1" 200 12383
INFO 2025-05-01 21:38:50,544 basehttp "GET / HTTP/1.1" 200 12383
INFO 2025-05-01 21:38:55,059 basehttp "GET /accounts/login/ HTTP/1.1" 200 13644
INFO 2025-05-01 21:39:00,988 basehttp "POST /accounts/login/ HTTP/1.1" 302 0
INFO 2025-05-01 21:39:00,992 basehttp "GET / HTTP/1.1" 200 12383
INFO 2025-05-01 21:40:03,030 basehttp "GET / HTTP/1.1" 200 13425
WARNING 2025-05-01 21:40:04,087 log Not Found: /favicon.ico
WARNING 2025-05-01 21:40:04,088 basehttp "GET /favicon.ico HTTP/1.1" 404 3763
INFO 2025-05-01 21:40:05,976 basehttp "GET / HTTP/1.1" 200 13425
WARNING 2025-05-01 21:40:06,184 log Not Found: /favicon.ico
WARNING 2025-05-01 21:40:06,185 basehttp "GET /favicon.ico HTTP/1.1" 404 3763
INFO 2025-05-01 21:40:59,591 basehttp "GET / HTTP/1.1" 200 13415
WARNING 2025-05-01 21:41:00,015 log Not Found: /favicon.ico
WARNING 2025-05-01 21:41:00,015 basehttp "GET /favicon.ico HTTP/1.1" 404 3763
INFO 2025-05-01 21:41:01,486 basehttp "POST /accounts/logout/ HTTP/1.1" 302 0
INFO 2025-05-01 21:41:01,488 basehttp "GET / HTTP/1.1" 200 12233
INFO 2025-05-01 21:41:06,587 basehttp "GET / HTTP/1.1" 200 12233
INFO 2025-05-01 21:41:08,750 basehttp "GET /accounts/login/ HTTP/1.1" 200 13338
INFO 2025-05-01 21:41:12,964 basehttp "POST /accounts/login/ HTTP/1.1" 302 0
INFO 2025-05-01 21:41:12,968 basehttp "GET / HTTP/1.1" 200 13415
INFO 2025-05-01 21:41:13,744 basehttp "GET /translate/ HTTP/1.1" 200 18106
INFO 2025-05-01 21:41:17,862 basehttp "POST /accounts/logout/ HTTP/1.1" 302 0
INFO 2025-05-01 21:41:17,864 basehttp "GET / HTTP/1.1" 200 12233
INFO 2025-05-01 21:41:46,093 basehttp "GET /accounts/password-change/ HTTP/1.1" 302 0
INFO 2025-05-01 21:41:46,105 basehttp "GET /accounts/login/?next=/accounts/password-change/ HTTP/1.1" 200 13326
ERROR 2025-05-01 21:41:53,407 log Internal Server Error: /accounts/login/
Traceback (most recent call last):
  File "C:\Users\javie\OneDrive\Escritorio\healthcare\venv\Lib\site-packages\django\core\handlers\exception.py", line 55, in inner
    response = get_response(request)
               ^^^^^^^^^^^^^^^^^^^^^
  File "C:\Users\javie\OneDrive\Escritorio\healthcare\venv\Lib\site-packages\django\core\handlers\base.py", line 204, in _get_response
    self.check_response(response, callback)
  File "C:\Users\javie\OneDrive\Escritorio\healthcare\venv\Lib\site-packages\django\core\handlers\base.py", line 332, in check_response
    raise ValueError(
ValueError: The view accounts.views.login_view didn't return an HttpResponse object. It returned None instead.
ERROR 2025-05-01 21:41:53,408 basehttp "POST /accounts/login/?next=/accounts/password-change/ HTTP/1.1" 500 73390
INFO 2025-05-01 21:42:54,539 autoreload C:\Users\javie\OneDrive\Escritorio\healthcare\accounts\urls.py changed, reloading.
INFO 2025-05-01 21:42:54,995 autoreload Watching for file changes with StatReloader
INFO 2025-05-01 21:44:39,450 autoreload C:\Users\javie\OneDrive\Escritorio\healthcare\accounts\urls.py changed, reloading.
INFO 2025-05-01 21:44:39,912 autoreload Watching for file changes with StatReloader
INFO 2025-05-01 21:44:53,520 autoreload C:\Users\javie\OneDrive\Escritorio\healthcare\accounts\urls.py changed, reloading.
INFO 2025-05-01 21:44:53,914 autoreload Watching for file changes with StatReloader
INFO 2025-05-01 21:44:55,800 basehttp "GET /accounts/login/?next=/accounts/password-change/ HTTP/1.1" 200 13312
WARNING 2025-05-01 21:44:56,093 log Not Found: /favicon.ico
WARNING 2025-05-01 21:44:56,093 basehttp "GET /favicon.ico HTTP/1.1" 404 3763
INFO 2025-05-01 21:44:58,290 basehttp "GET /accounts/register/ HTTP/1.1" 200 15185
ERROR 2025-05-01 21:45:30,237 log Internal Server Error: /accounts/register/
Traceback (most recent call last):
  File "C:\Users\javie\OneDrive\Escritorio\healthcare\venv\Lib\site-packages\django\core\handlers\exception.py", line 55, in inner
    response = get_response(request)
               ^^^^^^^^^^^^^^^^^^^^^
  File "C:\Users\javie\OneDrive\Escritorio\healthcare\venv\Lib\site-packages\django\core\handlers\base.py", line 204, in _get_response
    self.check_response(response, callback)
  File "C:\Users\javie\OneDrive\Escritorio\healthcare\venv\Lib\site-packages\django\core\handlers\base.py", line 332, in check_response
    raise ValueError(
ValueError: The view accounts.views.register_view didn't return an HttpResponse object. It returned None instead.
ERROR 2025-05-01 21:45:30,238 basehttp "POST /accounts/register/ HTTP/1.1" 500 73472
INFO 2025-05-01 21:50:18,380 autoreload C:\Users\javie\OneDrive\Escritorio\healthcare\accounts\views.py changed, reloading.
INFO 2025-05-01 21:50:18,815 autoreload Watching for file changes with StatReloader
INFO 2025-05-01 21:50:21,050 basehttp "GET /accounts/register/ HTTP/1.1" 200 15185
WARNING 2025-05-01 21:50:21,395 log Not Found: /favicon.ico
WARNING 2025-05-01 21:50:21,395 basehttp "GET /favicon.ico HTTP/1.1" 404 3763
INFO 2025-05-01 21:50:34,450 basehttp "POST /accounts/register/ HTTP/1.1" 200 15586
ERROR 2025-05-01 21:50:50,106 log Internal Server Error: /accounts/register/
Traceback (most recent call last):
  File "C:\Users\javie\OneDrive\Escritorio\healthcare\venv\Lib\site-packages\django\core\handlers\exception.py", line 55, in inner
    response = get_response(request)
               ^^^^^^^^^^^^^^^^^^^^^
  File "C:\Users\javie\OneDrive\Escritorio\healthcare\venv\Lib\site-packages\django\core\handlers\base.py", line 197, in _get_response
    response = wrapped_callback(request, *callback_args, **callback_kwargs)
               ^^^^^^^^^^^^^^^^^^^^^^^^^^^^^^^^^^^^^^^^^^^^^^^^^^^^^^^^^^^^
  File "C:\Users\javie\OneDrive\Escritorio\healthcare\accounts\views.py", line 16, in register_view
    return redirect('translate')
           ^^^^^^^^^^^^^^^^^^^^^
  File "C:\Users\javie\OneDrive\Escritorio\healthcare\venv\Lib\site-packages\django\shortcuts.py", line 51, in redirect
    resolve_url(to, *args, **kwargs),
    ^^^^^^^^^^^^^^^^^^^^^^^^^^^^^^^^
  File "C:\Users\javie\OneDrive\Escritorio\healthcare\venv\Lib\site-packages\django\shortcuts.py", line 184, in resolve_url
    return reverse(to, args=args, kwargs=kwargs)
           ^^^^^^^^^^^^^^^^^^^^^^^^^^^^^^^^^^^^^
  File "C:\Users\javie\OneDrive\Escritorio\healthcare\venv\Lib\site-packages\django\urls\base.py", line 98, in reverse
    resolved_url = resolver._reverse_with_prefix(view, prefix, *args, **kwargs)
                   ^^^^^^^^^^^^^^^^^^^^^^^^^^^^^^^^^^^^^^^^^^^^^^^^^^^^^^^^^^^^
  File "C:\Users\javie\OneDrive\Escritorio\healthcare\venv\Lib\site-packages\django\urls\resolvers.py", line 831, in _reverse_with_prefix
    raise NoReverseMatch(msg)
django.urls.exceptions.NoReverseMatch: Reverse for 'translate' not found. 'translate' is not a valid view function or pattern name.
ERROR 2025-05-01 21:50:50,109 basehttp "POST /accounts/register/ HTTP/1.1" 500 92590
INFO 2025-05-01 21:51:51,475 basehttp "GET / HTTP/1.1" 200 12207
INFO 2025-05-01 21:51:53,256 basehttp "GET /accounts/register/ HTTP/1.1" 200 15500
INFO 2025-05-01 21:52:42,887 basehttp "GET /accounts/register/ HTTP/1.1" 200 15239
WARNING 2025-05-01 21:52:43,211 log Not Found: /favicon.ico
WARNING 2025-05-01 21:52:43,212 basehttp "GET /favicon.ico HTTP/1.1" 404 3763
INFO 2025-05-01 21:52:59,404 basehttp "POST /accounts/register/ HTTP/1.1" 200 15512
INFO 2025-05-01 21:53:10,465 basehttp "GET /accounts/login/ HTTP/1.1" 200 13312
INFO 2025-05-01 21:53:16,472 basehttp "POST /accounts/login/ HTTP/1.1" 302 0
INFO 2025-05-01 21:53:16,477 basehttp "GET / HTTP/1.1" 200 13414
ERROR 2025-05-01 21:53:21,542 log Internal Server Error: /accounts/profile/
Traceback (most recent call last):
  File "C:\Users\javie\OneDrive\Escritorio\healthcare\venv\Lib\site-packages\django\core\handlers\exception.py", line 55, in inner
    response = get_response(request)
               ^^^^^^^^^^^^^^^^^^^^^
  File "C:\Users\javie\OneDrive\Escritorio\healthcare\venv\Lib\site-packages\django\core\handlers\base.py", line 220, in _get_response
    response = response.render()
               ^^^^^^^^^^^^^^^^^
  File "C:\Users\javie\OneDrive\Escritorio\healthcare\venv\Lib\site-packages\django\forms\utils.py", line 54, in render
    context = context or self.get_context()
                         ^^^^^^^^^^^^^^^^^^
  File "C:\Users\javie\OneDrive\Escritorio\healthcare\venv\Lib\site-packages\django\forms\forms.py", line 234, in get_context
    top_errors = self.non_field_errors().copy()
                 ^^^^^^^^^^^^^^^^^^^^^^^
  File "C:\Users\javie\OneDrive\Escritorio\healthcare\venv\Lib\site-packages\django\forms\forms.py", line 259, in non_field_errors
    return self.errors.get(
           ^^^^^^^^^^^
  File "C:\Users\javie\OneDrive\Escritorio\healthcare\venv\Lib\site-packages\django\forms\forms.py", line 201, in errors
    self.full_clean()
  File "C:\Users\javie\OneDrive\Escritorio\healthcare\venv\Lib\site-packages\django\forms\forms.py", line 337, in full_clean
    self._clean_fields()
  File "C:\Users\javie\OneDrive\Escritorio\healthcare\venv\Lib\site-packages\django\forms\forms.py", line 345, in _clean_fields
    self.cleaned_data[name] = field._clean_bound_field(bf)
                              ^^^^^^^^^^^^^^^^^^^^^^^^^^^^
  File "C:\Users\javie\OneDrive\Escritorio\healthcare\venv\Lib\site-packages\django\forms\fields.py", line 272, in _clean_bound_field
    value = bf.initial if self.disabled else bf.data
                                             ^^^^^^^
  File "C:\Users\javie\OneDrive\Escritorio\healthcare\venv\Lib\site-packages\django\forms\boundfield.py", line 136, in data
    return self.form._widget_data_value(self.field.widget, self.html_name)
           ^^^^^^^^^^^^^^^^^^^^^^^^^^^^^^^^^^^^^^^^^^^^^^^^^^^^^^^^^^^^^^^
  File "C:\Users\javie\OneDrive\Escritorio\healthcare\venv\Lib\site-packages\django\forms\forms.py", line 225, in _widget_data_value
    return widget.value_from_datadict(self.data, self.files, html_name)
           ^^^^^^^^^^^^^^^^^^^^^^^^^^^^^^^^^^^^^^^^^^^^^^^^^^^^^^^^^^^^
  File "C:\Users\javie\OneDrive\Escritorio\healthcare\venv\Lib\site-packages\django\forms\widgets.py", line 346, in value_from_datadict
    return data.get(name)
           ^^^^^^^^
AttributeError: 'WSGIRequest' object has no attribute 'get'
ERROR 2025-05-01 21:53:21,545 basehttp "GET /accounts/profile/ HTTP/1.1" 500 107915
INFO 2025-05-01 21:54:03,315 basehttp "GET / HTTP/1.1" 200 13405
INFO 2025-05-01 21:54:36,152 basehttp "GET / HTTP/1.1" 200 12949
WARNING 2025-05-01 21:54:36,616 log Not Found: /favicon.ico
WARNING 2025-05-01 21:54:36,617 basehttp "GET /favicon.ico HTTP/1.1" 404 3763
INFO 2025-05-01 21:54:40,711 basehttp "GET / HTTP/1.1" 200 13405
WARNING 2025-05-01 21:54:40,962 log Not Found: /favicon.ico
WARNING 2025-05-01 21:54:40,962 basehttp "GET /favicon.ico HTTP/1.1" 404 3763
INFO 2025-05-01 21:55:01,717 basehttp "POST /accounts/logout/ HTTP/1.1" 302 0
INFO 2025-05-01 21:55:01,719 basehttp "GET / HTTP/1.1" 200 12198
INFO 2025-05-01 21:55:03,678 basehttp "GET /accounts/register/ HTTP/1.1" 200 15230
INFO 2025-05-01 21:55:05,414 basehttp "GET /accounts/login/ HTTP/1.1" 200 13303
INFO 2025-05-01 21:55:08,699 basehttp "GET /accounts/login/ HTTP/1.1" 200 13303
ERROR 2025-05-01 21:55:45,598 log Internal Server Error: /accounts/login/
Traceback (most recent call last):
  File "C:\Users\javie\OneDrive\Escritorio\healthcare\venv\Lib\site-packages\django\core\handlers\exception.py", line 55, in inner
    response = get_response(request)
               ^^^^^^^^^^^^^^^^^^^^^
  File "C:\Users\javie\OneDrive\Escritorio\healthcare\venv\Lib\site-packages\django\core\handlers\base.py", line 197, in _get_response
    response = wrapped_callback(request, *callback_args, **callback_kwargs)
               ^^^^^^^^^^^^^^^^^^^^^^^^^^^^^^^^^^^^^^^^^^^^^^^^^^^^^^^^^^^^
  File "C:\Users\javie\OneDrive\Escritorio\healthcare\accounts\views.py", line 30, in login_view
    return render(request, 'accounts/login.html', {
           ^^^^^^^^^^^^^^^^^^^^^^^^^^^^^^^^^^^^^^^^
  File "C:\Users\javie\OneDrive\Escritorio\healthcare\venv\Lib\site-packages\django\shortcuts.py", line 25, in render
    content = loader.render_to_string(template_name, context, request, using=using)
              ^^^^^^^^^^^^^^^^^^^^^^^^^^^^^^^^^^^^^^^^^^^^^^^^^^^^^^^^^^^^^^^^^^^^^
  File "C:\Users\javie\OneDrive\Escritorio\healthcare\venv\Lib\site-packages\django\template\loader.py", line 62, in render_to_string
    return template.render(context, request)
           ^^^^^^^^^^^^^^^^^^^^^^^^^^^^^^^^^
  File "C:\Users\javie\OneDrive\Escritorio\healthcare\venv\Lib\site-packages\django\template\backends\django.py", line 107, in render
    return self.template.render(context)
           ^^^^^^^^^^^^^^^^^^^^^^^^^^^^^
  File "C:\Users\javie\OneDrive\Escritorio\healthcare\venv\Lib\site-packages\django\template\base.py", line 171, in render
    return self._render(context)
           ^^^^^^^^^^^^^^^^^^^^^
  File "C:\Users\javie\OneDrive\Escritorio\healthcare\venv\Lib\site-packages\django\template\base.py", line 163, in _render
    return self.nodelist.render(context)
           ^^^^^^^^^^^^^^^^^^^^^^^^^^^^^
  File "C:\Users\javie\OneDrive\Escritorio\healthcare\venv\Lib\site-packages\django\template\base.py", line 1016, in render
    return SafeString("".join([node.render_annotated(context) for node in self]))
                              ^^^^^^^^^^^^^^^^^^^^^^^^^^^^^^^^^^^^^^^^^^^^^^^^^
  File "C:\Users\javie\OneDrive\Escritorio\healthcare\venv\Lib\site-packages\django\template\base.py", line 1016, in <listcomp>
    return SafeString("".join([node.render_annotated(context) for node in self]))
                               ^^^^^^^^^^^^^^^^^^^^^^^^^^^^^^
  File "C:\Users\javie\OneDrive\Escritorio\healthcare\venv\Lib\site-packages\django\template\base.py", line 977, in render_annotated
    return self.render(context)
           ^^^^^^^^^^^^^^^^^^^^
  File "C:\Users\javie\OneDrive\Escritorio\healthcare\venv\Lib\site-packages\django\template\loader_tags.py", line 159, in render
    return compiled_parent._render(context)
           ^^^^^^^^^^^^^^^^^^^^^^^^^^^^^^^^
  File "C:\Users\javie\OneDrive\Escritorio\healthcare\venv\Lib\site-packages\django\template\base.py", line 163, in _render
    return self.nodelist.render(context)
           ^^^^^^^^^^^^^^^^^^^^^^^^^^^^^
  File "C:\Users\javie\OneDrive\Escritorio\healthcare\venv\Lib\site-packages\django\template\base.py", line 1016, in render
    return SafeString("".join([node.render_annotated(context) for node in self]))
                              ^^^^^^^^^^^^^^^^^^^^^^^^^^^^^^^^^^^^^^^^^^^^^^^^^
  File "C:\Users\javie\OneDrive\Escritorio\healthcare\venv\Lib\site-packages\django\template\base.py", line 1016, in <listcomp>
    return SafeString("".join([node.render_annotated(context) for node in self]))
                               ^^^^^^^^^^^^^^^^^^^^^^^^^^^^^^
  File "C:\Users\javie\OneDrive\Escritorio\healthcare\venv\Lib\site-packages\django\template\base.py", line 977, in render_annotated
    return self.render(context)
           ^^^^^^^^^^^^^^^^^^^^
  File "C:\Users\javie\OneDrive\Escritorio\healthcare\venv\Lib\site-packages\django\template\loader_tags.py", line 65, in render
    result = block.nodelist.render(context)
             ^^^^^^^^^^^^^^^^^^^^^^^^^^^^^^
  File "C:\Users\javie\OneDrive\Escritorio\healthcare\venv\Lib\site-packages\django\template\base.py", line 1016, in render
    return SafeString("".join([node.render_annotated(context) for node in self]))
                              ^^^^^^^^^^^^^^^^^^^^^^^^^^^^^^^^^^^^^^^^^^^^^^^^^
  File "C:\Users\javie\OneDrive\Escritorio\healthcare\venv\Lib\site-packages\django\template\base.py", line 1016, in <listcomp>
    return SafeString("".join([node.render_annotated(context) for node in self]))
                               ^^^^^^^^^^^^^^^^^^^^^^^^^^^^^^
  File "C:\Users\javie\OneDrive\Escritorio\healthcare\venv\Lib\site-packages\django\template\base.py", line 977, in render_annotated
    return self.render(context)
           ^^^^^^^^^^^^^^^^^^^^
  File "C:\Users\javie\OneDrive\Escritorio\healthcare\venv\Lib\site-packages\django\template\defaulttags.py", line 480, in render
    url = reverse(view_name, args=args, kwargs=kwargs, current_app=current_app)
          ^^^^^^^^^^^^^^^^^^^^^^^^^^^^^^^^^^^^^^^^^^^^^^^^^^^^^^^^^^^^^^^^^^^^^
  File "C:\Users\javie\OneDrive\Escritorio\healthcare\venv\Lib\site-packages\django\urls\base.py", line 98, in reverse
    resolved_url = resolver._reverse_with_prefix(view, prefix, *args, **kwargs)
                   ^^^^^^^^^^^^^^^^^^^^^^^^^^^^^^^^^^^^^^^^^^^^^^^^^^^^^^^^^^^^
  File "C:\Users\javie\OneDrive\Escritorio\healthcare\venv\Lib\site-packages\django\urls\resolvers.py", line 831, in _reverse_with_prefix
    raise NoReverseMatch(msg)
django.urls.exceptions.NoReverseMatch: Reverse for 'password_change' not found. 'password_change' is not a valid view function or pattern name.
ERROR 2025-05-01 21:55:45,601 basehttp "GET /accounts/login/ HTTP/1.1" 500 171614
WARNING 2025-05-01 21:55:45,645 log Not Found: /favicon.ico
WARNING 2025-05-01 21:55:45,645 basehttp "GET /favicon.ico HTTP/1.1" 404 3763
INFO 2025-05-01 21:55:53,315 basehttp "GET / HTTP/1.1" 200 12198
WARNING 2025-05-01 21:55:53,586 log Not Found: /favicon.ico
WARNING 2025-05-01 21:55:53,586 basehttp "GET /favicon.ico HTTP/1.1" 404 3763
ERROR 2025-05-01 21:55:55,842 log Internal Server Error: /accounts/login/
Traceback (most recent call last):
  File "C:\Users\javie\OneDrive\Escritorio\healthcare\venv\Lib\site-packages\django\core\handlers\exception.py", line 55, in inner
    response = get_response(request)
               ^^^^^^^^^^^^^^^^^^^^^
  File "C:\Users\javie\OneDrive\Escritorio\healthcare\venv\Lib\site-packages\django\core\handlers\base.py", line 197, in _get_response
    response = wrapped_callback(request, *callback_args, **callback_kwargs)
               ^^^^^^^^^^^^^^^^^^^^^^^^^^^^^^^^^^^^^^^^^^^^^^^^^^^^^^^^^^^^
  File "C:\Users\javie\OneDrive\Escritorio\healthcare\accounts\views.py", line 30, in login_view
    return render(request, 'accounts/login.html', {
           ^^^^^^^^^^^^^^^^^^^^^^^^^^^^^^^^^^^^^^^^
  File "C:\Users\javie\OneDrive\Escritorio\healthcare\venv\Lib\site-packages\django\shortcuts.py", line 25, in render
    content = loader.render_to_string(template_name, context, request, using=using)
              ^^^^^^^^^^^^^^^^^^^^^^^^^^^^^^^^^^^^^^^^^^^^^^^^^^^^^^^^^^^^^^^^^^^^^
  File "C:\Users\javie\OneDrive\Escritorio\healthcare\venv\Lib\site-packages\django\template\loader.py", line 62, in render_to_string
    return template.render(context, request)
           ^^^^^^^^^^^^^^^^^^^^^^^^^^^^^^^^^
  File "C:\Users\javie\OneDrive\Escritorio\healthcare\venv\Lib\site-packages\django\template\backends\django.py", line 107, in render
    return self.template.render(context)
           ^^^^^^^^^^^^^^^^^^^^^^^^^^^^^
  File "C:\Users\javie\OneDrive\Escritorio\healthcare\venv\Lib\site-packages\django\template\base.py", line 171, in render
    return self._render(context)
           ^^^^^^^^^^^^^^^^^^^^^
  File "C:\Users\javie\OneDrive\Escritorio\healthcare\venv\Lib\site-packages\django\template\base.py", line 163, in _render
    return self.nodelist.render(context)
           ^^^^^^^^^^^^^^^^^^^^^^^^^^^^^
  File "C:\Users\javie\OneDrive\Escritorio\healthcare\venv\Lib\site-packages\django\template\base.py", line 1016, in render
    return SafeString("".join([node.render_annotated(context) for node in self]))
                              ^^^^^^^^^^^^^^^^^^^^^^^^^^^^^^^^^^^^^^^^^^^^^^^^^
  File "C:\Users\javie\OneDrive\Escritorio\healthcare\venv\Lib\site-packages\django\template\base.py", line 1016, in <listcomp>
    return SafeString("".join([node.render_annotated(context) for node in self]))
                               ^^^^^^^^^^^^^^^^^^^^^^^^^^^^^^
  File "C:\Users\javie\OneDrive\Escritorio\healthcare\venv\Lib\site-packages\django\template\base.py", line 977, in render_annotated
    return self.render(context)
           ^^^^^^^^^^^^^^^^^^^^
  File "C:\Users\javie\OneDrive\Escritorio\healthcare\venv\Lib\site-packages\django\template\loader_tags.py", line 159, in render
    return compiled_parent._render(context)
           ^^^^^^^^^^^^^^^^^^^^^^^^^^^^^^^^
  File "C:\Users\javie\OneDrive\Escritorio\healthcare\venv\Lib\site-packages\django\template\base.py", line 163, in _render
    return self.nodelist.render(context)
           ^^^^^^^^^^^^^^^^^^^^^^^^^^^^^
  File "C:\Users\javie\OneDrive\Escritorio\healthcare\venv\Lib\site-packages\django\template\base.py", line 1016, in render
    return SafeString("".join([node.render_annotated(context) for node in self]))
                              ^^^^^^^^^^^^^^^^^^^^^^^^^^^^^^^^^^^^^^^^^^^^^^^^^
  File "C:\Users\javie\OneDrive\Escritorio\healthcare\venv\Lib\site-packages\django\template\base.py", line 1016, in <listcomp>
    return SafeString("".join([node.render_annotated(context) for node in self]))
                               ^^^^^^^^^^^^^^^^^^^^^^^^^^^^^^
  File "C:\Users\javie\OneDrive\Escritorio\healthcare\venv\Lib\site-packages\django\template\base.py", line 977, in render_annotated
    return self.render(context)
           ^^^^^^^^^^^^^^^^^^^^
  File "C:\Users\javie\OneDrive\Escritorio\healthcare\venv\Lib\site-packages\django\template\loader_tags.py", line 65, in render
    result = block.nodelist.render(context)
             ^^^^^^^^^^^^^^^^^^^^^^^^^^^^^^
  File "C:\Users\javie\OneDrive\Escritorio\healthcare\venv\Lib\site-packages\django\template\base.py", line 1016, in render
    return SafeString("".join([node.render_annotated(context) for node in self]))
                              ^^^^^^^^^^^^^^^^^^^^^^^^^^^^^^^^^^^^^^^^^^^^^^^^^
  File "C:\Users\javie\OneDrive\Escritorio\healthcare\venv\Lib\site-packages\django\template\base.py", line 1016, in <listcomp>
    return SafeString("".join([node.render_annotated(context) for node in self]))
                               ^^^^^^^^^^^^^^^^^^^^^^^^^^^^^^
  File "C:\Users\javie\OneDrive\Escritorio\healthcare\venv\Lib\site-packages\django\template\base.py", line 977, in render_annotated
    return self.render(context)
           ^^^^^^^^^^^^^^^^^^^^
  File "C:\Users\javie\OneDrive\Escritorio\healthcare\venv\Lib\site-packages\django\template\defaulttags.py", line 480, in render
    url = reverse(view_name, args=args, kwargs=kwargs, current_app=current_app)
          ^^^^^^^^^^^^^^^^^^^^^^^^^^^^^^^^^^^^^^^^^^^^^^^^^^^^^^^^^^^^^^^^^^^^^
  File "C:\Users\javie\OneDrive\Escritorio\healthcare\venv\Lib\site-packages\django\urls\base.py", line 98, in reverse
    resolved_url = resolver._reverse_with_prefix(view, prefix, *args, **kwargs)
                   ^^^^^^^^^^^^^^^^^^^^^^^^^^^^^^^^^^^^^^^^^^^^^^^^^^^^^^^^^^^^
  File "C:\Users\javie\OneDrive\Escritorio\healthcare\venv\Lib\site-packages\django\urls\resolvers.py", line 831, in _reverse_with_prefix
    raise NoReverseMatch(msg)
django.urls.exceptions.NoReverseMatch: Reverse for 'password_change' not found. 'password_change' is not a valid view function or pattern name.
ERROR 2025-05-01 21:55:55,845 basehttp "GET /accounts/login/ HTTP/1.1" 500 171349
INFO 2025-05-01 21:56:22,310 autoreload C:\Users\javie\OneDrive\Escritorio\healthcare\accounts\urls.py changed, reloading.
INFO 2025-05-01 21:56:22,738 autoreload Watching for file changes with StatReloader
INFO 2025-05-01 21:56:25,025 basehttp "GET / HTTP/1.1" 200 12198
WARNING 2025-05-01 21:56:25,347 log Not Found: /favicon.ico
WARNING 2025-05-01 21:56:25,348 basehttp "GET /favicon.ico HTTP/1.1" 404 3763
ERROR 2025-05-01 21:56:26,837 log Internal Server Error: /accounts/login/
Traceback (most recent call last):
  File "C:\Users\javie\OneDrive\Escritorio\healthcare\venv\Lib\site-packages\django\core\handlers\exception.py", line 55, in inner
    response = get_response(request)
               ^^^^^^^^^^^^^^^^^^^^^
  File "C:\Users\javie\OneDrive\Escritorio\healthcare\venv\Lib\site-packages\django\core\handlers\base.py", line 197, in _get_response
    response = wrapped_callback(request, *callback_args, **callback_kwargs)
               ^^^^^^^^^^^^^^^^^^^^^^^^^^^^^^^^^^^^^^^^^^^^^^^^^^^^^^^^^^^^
  File "C:\Users\javie\OneDrive\Escritorio\healthcare\accounts\views.py", line 30, in login_view
    return render(request, 'accounts/login.html', {
           ^^^^^^^^^^^^^^^^^^^^^^^^^^^^^^^^^^^^^^^^
  File "C:\Users\javie\OneDrive\Escritorio\healthcare\venv\Lib\site-packages\django\shortcuts.py", line 25, in render
    content = loader.render_to_string(template_name, context, request, using=using)
              ^^^^^^^^^^^^^^^^^^^^^^^^^^^^^^^^^^^^^^^^^^^^^^^^^^^^^^^^^^^^^^^^^^^^^
  File "C:\Users\javie\OneDrive\Escritorio\healthcare\venv\Lib\site-packages\django\template\loader.py", line 62, in render_to_string
    return template.render(context, request)
           ^^^^^^^^^^^^^^^^^^^^^^^^^^^^^^^^^
  File "C:\Users\javie\OneDrive\Escritorio\healthcare\venv\Lib\site-packages\django\template\backends\django.py", line 107, in render
    return self.template.render(context)
           ^^^^^^^^^^^^^^^^^^^^^^^^^^^^^
  File "C:\Users\javie\OneDrive\Escritorio\healthcare\venv\Lib\site-packages\django\template\base.py", line 171, in render
    return self._render(context)
           ^^^^^^^^^^^^^^^^^^^^^
  File "C:\Users\javie\OneDrive\Escritorio\healthcare\venv\Lib\site-packages\django\template\base.py", line 163, in _render
    return self.nodelist.render(context)
           ^^^^^^^^^^^^^^^^^^^^^^^^^^^^^
  File "C:\Users\javie\OneDrive\Escritorio\healthcare\venv\Lib\site-packages\django\template\base.py", line 1016, in render
    return SafeString("".join([node.render_annotated(context) for node in self]))
                              ^^^^^^^^^^^^^^^^^^^^^^^^^^^^^^^^^^^^^^^^^^^^^^^^^
  File "C:\Users\javie\OneDrive\Escritorio\healthcare\venv\Lib\site-packages\django\template\base.py", line 1016, in <listcomp>
    return SafeString("".join([node.render_annotated(context) for node in self]))
                               ^^^^^^^^^^^^^^^^^^^^^^^^^^^^^^
  File "C:\Users\javie\OneDrive\Escritorio\healthcare\venv\Lib\site-packages\django\template\base.py", line 977, in render_annotated
    return self.render(context)
           ^^^^^^^^^^^^^^^^^^^^
  File "C:\Users\javie\OneDrive\Escritorio\healthcare\venv\Lib\site-packages\django\template\loader_tags.py", line 159, in render
    return compiled_parent._render(context)
           ^^^^^^^^^^^^^^^^^^^^^^^^^^^^^^^^
  File "C:\Users\javie\OneDrive\Escritorio\healthcare\venv\Lib\site-packages\django\template\base.py", line 163, in _render
    return self.nodelist.render(context)
           ^^^^^^^^^^^^^^^^^^^^^^^^^^^^^
  File "C:\Users\javie\OneDrive\Escritorio\healthcare\venv\Lib\site-packages\django\template\base.py", line 1016, in render
    return SafeString("".join([node.render_annotated(context) for node in self]))
                              ^^^^^^^^^^^^^^^^^^^^^^^^^^^^^^^^^^^^^^^^^^^^^^^^^
  File "C:\Users\javie\OneDrive\Escritorio\healthcare\venv\Lib\site-packages\django\template\base.py", line 1016, in <listcomp>
    return SafeString("".join([node.render_annotated(context) for node in self]))
                               ^^^^^^^^^^^^^^^^^^^^^^^^^^^^^^
  File "C:\Users\javie\OneDrive\Escritorio\healthcare\venv\Lib\site-packages\django\template\base.py", line 977, in render_annotated
    return self.render(context)
           ^^^^^^^^^^^^^^^^^^^^
  File "C:\Users\javie\OneDrive\Escritorio\healthcare\venv\Lib\site-packages\django\template\loader_tags.py", line 65, in render
    result = block.nodelist.render(context)
             ^^^^^^^^^^^^^^^^^^^^^^^^^^^^^^
  File "C:\Users\javie\OneDrive\Escritorio\healthcare\venv\Lib\site-packages\django\template\base.py", line 1016, in render
    return SafeString("".join([node.render_annotated(context) for node in self]))
                              ^^^^^^^^^^^^^^^^^^^^^^^^^^^^^^^^^^^^^^^^^^^^^^^^^
  File "C:\Users\javie\OneDrive\Escritorio\healthcare\venv\Lib\site-packages\django\template\base.py", line 1016, in <listcomp>
    return SafeString("".join([node.render_annotated(context) for node in self]))
                               ^^^^^^^^^^^^^^^^^^^^^^^^^^^^^^
  File "C:\Users\javie\OneDrive\Escritorio\healthcare\venv\Lib\site-packages\django\template\base.py", line 977, in render_annotated
    return self.render(context)
           ^^^^^^^^^^^^^^^^^^^^
  File "C:\Users\javie\OneDrive\Escritorio\healthcare\venv\Lib\site-packages\django\template\defaulttags.py", line 480, in render
    url = reverse(view_name, args=args, kwargs=kwargs, current_app=current_app)
          ^^^^^^^^^^^^^^^^^^^^^^^^^^^^^^^^^^^^^^^^^^^^^^^^^^^^^^^^^^^^^^^^^^^^^
  File "C:\Users\javie\OneDrive\Escritorio\healthcare\venv\Lib\site-packages\django\urls\base.py", line 98, in reverse
    resolved_url = resolver._reverse_with_prefix(view, prefix, *args, **kwargs)
                   ^^^^^^^^^^^^^^^^^^^^^^^^^^^^^^^^^^^^^^^^^^^^^^^^^^^^^^^^^^^^
  File "C:\Users\javie\OneDrive\Escritorio\healthcare\venv\Lib\site-packages\django\urls\resolvers.py", line 831, in _reverse_with_prefix
    raise NoReverseMatch(msg)
django.urls.exceptions.NoReverseMatch: Reverse for 'password_change' not found. 'password_change' is not a valid view function or pattern name.
ERROR 2025-05-01 21:56:26,842 basehttp "GET /accounts/login/ HTTP/1.1" 500 171349
INFO 2025-05-01 21:59:54,183 autoreload C:\Users\javie\OneDrive\Escritorio\healthcare\accounts\forms.py changed, reloading.
INFO 2025-05-01 21:59:54,603 autoreload Watching for file changes with StatReloader
INFO 2025-05-01 22:00:12,718 autoreload C:\Users\javie\OneDrive\Escritorio\healthcare\accounts\urls.py changed, reloading.
INFO 2025-05-01 22:00:13,102 autoreload Watching for file changes with StatReloader
INFO 2025-05-01 22:00:36,917 autoreload C:\Users\javie\OneDrive\Escritorio\healthcare\accounts\urls.py changed, reloading.
INFO 2025-05-01 22:00:37,293 autoreload Watching for file changes with StatReloader
INFO 2025-05-01 22:00:41,675 autoreload C:\Users\javie\OneDrive\Escritorio\healthcare\accounts\urls.py changed, reloading.
INFO 2025-05-01 22:00:42,053 autoreload Watching for file changes with StatReloader
ERROR 2025-05-01 22:00:44,955 log Internal Server Error: /
Traceback (most recent call last):
  File "C:\Users\javie\OneDrive\Escritorio\healthcare\venv\Lib\site-packages\django\core\handlers\exception.py", line 55, in inner
    response = get_response(request)
               ^^^^^^^^^^^^^^^^^^^^^
  File "C:\Users\javie\OneDrive\Escritorio\healthcare\venv\Lib\site-packages\django\core\handlers\base.py", line 197, in _get_response
    response = wrapped_callback(request, *callback_args, **callback_kwargs)
               ^^^^^^^^^^^^^^^^^^^^^^^^^^^^^^^^^^^^^^^^^^^^^^^^^^^^^^^^^^^^
  File "C:\Users\javie\OneDrive\Escritorio\healthcare\core\views.py", line 7, in home
    return render (request, 'core/home.html')
           ^^^^^^^^^^^^^^^^^^^^^^^^^^^^^^^^^^
  File "C:\Users\javie\OneDrive\Escritorio\healthcare\venv\Lib\site-packages\django\shortcuts.py", line 25, in render
    content = loader.render_to_string(template_name, context, request, using=using)
              ^^^^^^^^^^^^^^^^^^^^^^^^^^^^^^^^^^^^^^^^^^^^^^^^^^^^^^^^^^^^^^^^^^^^^
  File "C:\Users\javie\OneDrive\Escritorio\healthcare\venv\Lib\site-packages\django\template\loader.py", line 62, in render_to_string
    return template.render(context, request)
           ^^^^^^^^^^^^^^^^^^^^^^^^^^^^^^^^^
  File "C:\Users\javie\OneDrive\Escritorio\healthcare\venv\Lib\site-packages\django\template\backends\django.py", line 107, in render
    return self.template.render(context)
           ^^^^^^^^^^^^^^^^^^^^^^^^^^^^^
  File "C:\Users\javie\OneDrive\Escritorio\healthcare\venv\Lib\site-packages\django\template\base.py", line 171, in render
    return self._render(context)
           ^^^^^^^^^^^^^^^^^^^^^
  File "C:\Users\javie\OneDrive\Escritorio\healthcare\venv\Lib\site-packages\django\template\base.py", line 163, in _render
    return self.nodelist.render(context)
           ^^^^^^^^^^^^^^^^^^^^^^^^^^^^^
  File "C:\Users\javie\OneDrive\Escritorio\healthcare\venv\Lib\site-packages\django\template\base.py", line 1016, in render
    return SafeString("".join([node.render_annotated(context) for node in self]))
                              ^^^^^^^^^^^^^^^^^^^^^^^^^^^^^^^^^^^^^^^^^^^^^^^^^
  File "C:\Users\javie\OneDrive\Escritorio\healthcare\venv\Lib\site-packages\django\template\base.py", line 1016, in <listcomp>
    return SafeString("".join([node.render_annotated(context) for node in self]))
                               ^^^^^^^^^^^^^^^^^^^^^^^^^^^^^^
  File "C:\Users\javie\OneDrive\Escritorio\healthcare\venv\Lib\site-packages\django\template\base.py", line 977, in render_annotated
    return self.render(context)
           ^^^^^^^^^^^^^^^^^^^^
  File "C:\Users\javie\OneDrive\Escritorio\healthcare\venv\Lib\site-packages\django\template\loader_tags.py", line 159, in render
    return compiled_parent._render(context)
           ^^^^^^^^^^^^^^^^^^^^^^^^^^^^^^^^
  File "C:\Users\javie\OneDrive\Escritorio\healthcare\venv\Lib\site-packages\django\template\base.py", line 163, in _render
    return self.nodelist.render(context)
           ^^^^^^^^^^^^^^^^^^^^^^^^^^^^^
  File "C:\Users\javie\OneDrive\Escritorio\healthcare\venv\Lib\site-packages\django\template\base.py", line 1016, in render
    return SafeString("".join([node.render_annotated(context) for node in self]))
                              ^^^^^^^^^^^^^^^^^^^^^^^^^^^^^^^^^^^^^^^^^^^^^^^^^
  File "C:\Users\javie\OneDrive\Escritorio\healthcare\venv\Lib\site-packages\django\template\base.py", line 1016, in <listcomp>
    return SafeString("".join([node.render_annotated(context) for node in self]))
                               ^^^^^^^^^^^^^^^^^^^^^^^^^^^^^^
  File "C:\Users\javie\OneDrive\Escritorio\healthcare\venv\Lib\site-packages\django\template\base.py", line 977, in render_annotated
    return self.render(context)
           ^^^^^^^^^^^^^^^^^^^^
  File "C:\Users\javie\OneDrive\Escritorio\healthcare\venv\Lib\site-packages\django\template\defaulttags.py", line 327, in render
    return nodelist.render(context)
           ^^^^^^^^^^^^^^^^^^^^^^^^
  File "C:\Users\javie\OneDrive\Escritorio\healthcare\venv\Lib\site-packages\django\template\base.py", line 1016, in render
    return SafeString("".join([node.render_annotated(context) for node in self]))
                              ^^^^^^^^^^^^^^^^^^^^^^^^^^^^^^^^^^^^^^^^^^^^^^^^^
  File "C:\Users\javie\OneDrive\Escritorio\healthcare\venv\Lib\site-packages\django\template\base.py", line 1016, in <listcomp>
    return SafeString("".join([node.render_annotated(context) for node in self]))
                               ^^^^^^^^^^^^^^^^^^^^^^^^^^^^^^
  File "C:\Users\javie\OneDrive\Escritorio\healthcare\venv\Lib\site-packages\django\template\base.py", line 977, in render_annotated
    return self.render(context)
           ^^^^^^^^^^^^^^^^^^^^
  File "C:\Users\javie\OneDrive\Escritorio\healthcare\venv\Lib\site-packages\django\template\defaulttags.py", line 480, in render
    url = reverse(view_name, args=args, kwargs=kwargs, current_app=current_app)
          ^^^^^^^^^^^^^^^^^^^^^^^^^^^^^^^^^^^^^^^^^^^^^^^^^^^^^^^^^^^^^^^^^^^^^
  File "C:\Users\javie\OneDrive\Escritorio\healthcare\venv\Lib\site-packages\django\urls\base.py", line 98, in reverse
    resolved_url = resolver._reverse_with_prefix(view, prefix, *args, **kwargs)
                   ^^^^^^^^^^^^^^^^^^^^^^^^^^^^^^^^^^^^^^^^^^^^^^^^^^^^^^^^^^^^
  File "C:\Users\javie\OneDrive\Escritorio\healthcare\venv\Lib\site-packages\django\urls\resolvers.py", line 831, in _reverse_with_prefix
    raise NoReverseMatch(msg)
django.urls.exceptions.NoReverseMatch: Reverse for 'register' not found. 'register' is not a valid view function or pattern name.
ERROR 2025-05-01 22:00:44,960 basehttp "GET / HTTP/1.1" 500 166333
WARNING 2025-05-01 22:00:44,999 log Not Found: /favicon.ico
WARNING 2025-05-01 22:00:45,000 basehttp "GET /favicon.ico HTTP/1.1" 404 3763
INFO 2025-05-01 22:01:02,391 autoreload C:\Users\javie\OneDrive\Escritorio\healthcare\accounts\views.py changed, reloading.
INFO 2025-05-01 22:01:02,789 autoreload Watching for file changes with StatReloader
ERROR 2025-05-01 22:01:04,928 log Internal Server Error: /
Traceback (most recent call last):
  File "C:\Users\javie\OneDrive\Escritorio\healthcare\venv\Lib\site-packages\django\core\handlers\exception.py", line 55, in inner
    response = get_response(request)
               ^^^^^^^^^^^^^^^^^^^^^
  File "C:\Users\javie\OneDrive\Escritorio\healthcare\venv\Lib\site-packages\django\core\handlers\base.py", line 197, in _get_response
    response = wrapped_callback(request, *callback_args, **callback_kwargs)
               ^^^^^^^^^^^^^^^^^^^^^^^^^^^^^^^^^^^^^^^^^^^^^^^^^^^^^^^^^^^^
  File "C:\Users\javie\OneDrive\Escritorio\healthcare\core\views.py", line 7, in home
    return render (request, 'core/home.html')
           ^^^^^^^^^^^^^^^^^^^^^^^^^^^^^^^^^^
  File "C:\Users\javie\OneDrive\Escritorio\healthcare\venv\Lib\site-packages\django\shortcuts.py", line 25, in render
    content = loader.render_to_string(template_name, context, request, using=using)
              ^^^^^^^^^^^^^^^^^^^^^^^^^^^^^^^^^^^^^^^^^^^^^^^^^^^^^^^^^^^^^^^^^^^^^
  File "C:\Users\javie\OneDrive\Escritorio\healthcare\venv\Lib\site-packages\django\template\loader.py", line 62, in render_to_string
    return template.render(context, request)
           ^^^^^^^^^^^^^^^^^^^^^^^^^^^^^^^^^
  File "C:\Users\javie\OneDrive\Escritorio\healthcare\venv\Lib\site-packages\django\template\backends\django.py", line 107, in render
    return self.template.render(context)
           ^^^^^^^^^^^^^^^^^^^^^^^^^^^^^
  File "C:\Users\javie\OneDrive\Escritorio\healthcare\venv\Lib\site-packages\django\template\base.py", line 171, in render
    return self._render(context)
           ^^^^^^^^^^^^^^^^^^^^^
  File "C:\Users\javie\OneDrive\Escritorio\healthcare\venv\Lib\site-packages\django\template\base.py", line 163, in _render
    return self.nodelist.render(context)
           ^^^^^^^^^^^^^^^^^^^^^^^^^^^^^
  File "C:\Users\javie\OneDrive\Escritorio\healthcare\venv\Lib\site-packages\django\template\base.py", line 1016, in render
    return SafeString("".join([node.render_annotated(context) for node in self]))
                              ^^^^^^^^^^^^^^^^^^^^^^^^^^^^^^^^^^^^^^^^^^^^^^^^^
  File "C:\Users\javie\OneDrive\Escritorio\healthcare\venv\Lib\site-packages\django\template\base.py", line 1016, in <listcomp>
    return SafeString("".join([node.render_annotated(context) for node in self]))
                               ^^^^^^^^^^^^^^^^^^^^^^^^^^^^^^
  File "C:\Users\javie\OneDrive\Escritorio\healthcare\venv\Lib\site-packages\django\template\base.py", line 977, in render_annotated
    return self.render(context)
           ^^^^^^^^^^^^^^^^^^^^
  File "C:\Users\javie\OneDrive\Escritorio\healthcare\venv\Lib\site-packages\django\template\loader_tags.py", line 159, in render
    return compiled_parent._render(context)
           ^^^^^^^^^^^^^^^^^^^^^^^^^^^^^^^^
  File "C:\Users\javie\OneDrive\Escritorio\healthcare\venv\Lib\site-packages\django\template\base.py", line 163, in _render
    return self.nodelist.render(context)
           ^^^^^^^^^^^^^^^^^^^^^^^^^^^^^
  File "C:\Users\javie\OneDrive\Escritorio\healthcare\venv\Lib\site-packages\django\template\base.py", line 1016, in render
    return SafeString("".join([node.render_annotated(context) for node in self]))
                              ^^^^^^^^^^^^^^^^^^^^^^^^^^^^^^^^^^^^^^^^^^^^^^^^^
  File "C:\Users\javie\OneDrive\Escritorio\healthcare\venv\Lib\site-packages\django\template\base.py", line 1016, in <listcomp>
    return SafeString("".join([node.render_annotated(context) for node in self]))
                               ^^^^^^^^^^^^^^^^^^^^^^^^^^^^^^
  File "C:\Users\javie\OneDrive\Escritorio\healthcare\venv\Lib\site-packages\django\template\base.py", line 977, in render_annotated
    return self.render(context)
           ^^^^^^^^^^^^^^^^^^^^
  File "C:\Users\javie\OneDrive\Escritorio\healthcare\venv\Lib\site-packages\django\template\defaulttags.py", line 327, in render
    return nodelist.render(context)
           ^^^^^^^^^^^^^^^^^^^^^^^^
  File "C:\Users\javie\OneDrive\Escritorio\healthcare\venv\Lib\site-packages\django\template\base.py", line 1016, in render
    return SafeString("".join([node.render_annotated(context) for node in self]))
                              ^^^^^^^^^^^^^^^^^^^^^^^^^^^^^^^^^^^^^^^^^^^^^^^^^
  File "C:\Users\javie\OneDrive\Escritorio\healthcare\venv\Lib\site-packages\django\template\base.py", line 1016, in <listcomp>
    return SafeString("".join([node.render_annotated(context) for node in self]))
                               ^^^^^^^^^^^^^^^^^^^^^^^^^^^^^^
  File "C:\Users\javie\OneDrive\Escritorio\healthcare\venv\Lib\site-packages\django\template\base.py", line 977, in render_annotated
    return self.render(context)
           ^^^^^^^^^^^^^^^^^^^^
  File "C:\Users\javie\OneDrive\Escritorio\healthcare\venv\Lib\site-packages\django\template\defaulttags.py", line 480, in render
    url = reverse(view_name, args=args, kwargs=kwargs, current_app=current_app)
          ^^^^^^^^^^^^^^^^^^^^^^^^^^^^^^^^^^^^^^^^^^^^^^^^^^^^^^^^^^^^^^^^^^^^^
  File "C:\Users\javie\OneDrive\Escritorio\healthcare\venv\Lib\site-packages\django\urls\base.py", line 98, in reverse
    resolved_url = resolver._reverse_with_prefix(view, prefix, *args, **kwargs)
                   ^^^^^^^^^^^^^^^^^^^^^^^^^^^^^^^^^^^^^^^^^^^^^^^^^^^^^^^^^^^^
  File "C:\Users\javie\OneDrive\Escritorio\healthcare\venv\Lib\site-packages\django\urls\resolvers.py", line 831, in _reverse_with_prefix
    raise NoReverseMatch(msg)
django.urls.exceptions.NoReverseMatch: Reverse for 'register' not found. 'register' is not a valid view function or pattern name.
ERROR 2025-05-01 22:01:04,933 basehttp "GET / HTTP/1.1" 500 166333
WARNING 2025-05-01 22:01:04,970 log Not Found: /favicon.ico
WARNING 2025-05-01 22:01:04,971 basehttp "GET /favicon.ico HTTP/1.1" 404 3763
INFO 2025-05-01 22:03:39,776 autoreload C:\Users\javie\OneDrive\Escritorio\healthcare\accounts\urls.py changed, reloading.
INFO 2025-05-01 22:03:40,182 autoreload Watching for file changes with StatReloader
ERROR 2025-05-01 22:03:41,654 log Internal Server Error: /
Traceback (most recent call last):
  File "C:\Users\javie\OneDrive\Escritorio\healthcare\venv\Lib\site-packages\django\core\handlers\exception.py", line 55, in inner
    response = get_response(request)
               ^^^^^^^^^^^^^^^^^^^^^
  File "C:\Users\javie\OneDrive\Escritorio\healthcare\venv\Lib\site-packages\django\core\handlers\base.py", line 197, in _get_response
    response = wrapped_callback(request, *callback_args, **callback_kwargs)
               ^^^^^^^^^^^^^^^^^^^^^^^^^^^^^^^^^^^^^^^^^^^^^^^^^^^^^^^^^^^^
  File "C:\Users\javie\OneDrive\Escritorio\healthcare\core\views.py", line 7, in home
    return render (request, 'core/home.html')
           ^^^^^^^^^^^^^^^^^^^^^^^^^^^^^^^^^^
  File "C:\Users\javie\OneDrive\Escritorio\healthcare\venv\Lib\site-packages\django\shortcuts.py", line 25, in render
    content = loader.render_to_string(template_name, context, request, using=using)
              ^^^^^^^^^^^^^^^^^^^^^^^^^^^^^^^^^^^^^^^^^^^^^^^^^^^^^^^^^^^^^^^^^^^^^
  File "C:\Users\javie\OneDrive\Escritorio\healthcare\venv\Lib\site-packages\django\template\loader.py", line 62, in render_to_string
    return template.render(context, request)
           ^^^^^^^^^^^^^^^^^^^^^^^^^^^^^^^^^
  File "C:\Users\javie\OneDrive\Escritorio\healthcare\venv\Lib\site-packages\django\template\backends\django.py", line 107, in render
    return self.template.render(context)
           ^^^^^^^^^^^^^^^^^^^^^^^^^^^^^
  File "C:\Users\javie\OneDrive\Escritorio\healthcare\venv\Lib\site-packages\django\template\base.py", line 171, in render
    return self._render(context)
           ^^^^^^^^^^^^^^^^^^^^^
  File "C:\Users\javie\OneDrive\Escritorio\healthcare\venv\Lib\site-packages\django\template\base.py", line 163, in _render
    return self.nodelist.render(context)
           ^^^^^^^^^^^^^^^^^^^^^^^^^^^^^
  File "C:\Users\javie\OneDrive\Escritorio\healthcare\venv\Lib\site-packages\django\template\base.py", line 1016, in render
    return SafeString("".join([node.render_annotated(context) for node in self]))
                              ^^^^^^^^^^^^^^^^^^^^^^^^^^^^^^^^^^^^^^^^^^^^^^^^^
  File "C:\Users\javie\OneDrive\Escritorio\healthcare\venv\Lib\site-packages\django\template\base.py", line 1016, in <listcomp>
    return SafeString("".join([node.render_annotated(context) for node in self]))
                               ^^^^^^^^^^^^^^^^^^^^^^^^^^^^^^
  File "C:\Users\javie\OneDrive\Escritorio\healthcare\venv\Lib\site-packages\django\template\base.py", line 977, in render_annotated
    return self.render(context)
           ^^^^^^^^^^^^^^^^^^^^
  File "C:\Users\javie\OneDrive\Escritorio\healthcare\venv\Lib\site-packages\django\template\loader_tags.py", line 159, in render
    return compiled_parent._render(context)
           ^^^^^^^^^^^^^^^^^^^^^^^^^^^^^^^^
  File "C:\Users\javie\OneDrive\Escritorio\healthcare\venv\Lib\site-packages\django\template\base.py", line 163, in _render
    return self.nodelist.render(context)
           ^^^^^^^^^^^^^^^^^^^^^^^^^^^^^
  File "C:\Users\javie\OneDrive\Escritorio\healthcare\venv\Lib\site-packages\django\template\base.py", line 1016, in render
    return SafeString("".join([node.render_annotated(context) for node in self]))
                              ^^^^^^^^^^^^^^^^^^^^^^^^^^^^^^^^^^^^^^^^^^^^^^^^^
  File "C:\Users\javie\OneDrive\Escritorio\healthcare\venv\Lib\site-packages\django\template\base.py", line 1016, in <listcomp>
    return SafeString("".join([node.render_annotated(context) for node in self]))
                               ^^^^^^^^^^^^^^^^^^^^^^^^^^^^^^
  File "C:\Users\javie\OneDrive\Escritorio\healthcare\venv\Lib\site-packages\django\template\base.py", line 977, in render_annotated
    return self.render(context)
           ^^^^^^^^^^^^^^^^^^^^
  File "C:\Users\javie\OneDrive\Escritorio\healthcare\venv\Lib\site-packages\django\template\defaulttags.py", line 327, in render
    return nodelist.render(context)
           ^^^^^^^^^^^^^^^^^^^^^^^^
  File "C:\Users\javie\OneDrive\Escritorio\healthcare\venv\Lib\site-packages\django\template\base.py", line 1016, in render
    return SafeString("".join([node.render_annotated(context) for node in self]))
                              ^^^^^^^^^^^^^^^^^^^^^^^^^^^^^^^^^^^^^^^^^^^^^^^^^
  File "C:\Users\javie\OneDrive\Escritorio\healthcare\venv\Lib\site-packages\django\template\base.py", line 1016, in <listcomp>
    return SafeString("".join([node.render_annotated(context) for node in self]))
                               ^^^^^^^^^^^^^^^^^^^^^^^^^^^^^^
  File "C:\Users\javie\OneDrive\Escritorio\healthcare\venv\Lib\site-packages\django\template\base.py", line 977, in render_annotated
    return self.render(context)
           ^^^^^^^^^^^^^^^^^^^^
  File "C:\Users\javie\OneDrive\Escritorio\healthcare\venv\Lib\site-packages\django\template\defaulttags.py", line 480, in render
    url = reverse(view_name, args=args, kwargs=kwargs, current_app=current_app)
          ^^^^^^^^^^^^^^^^^^^^^^^^^^^^^^^^^^^^^^^^^^^^^^^^^^^^^^^^^^^^^^^^^^^^^
  File "C:\Users\javie\OneDrive\Escritorio\healthcare\venv\Lib\site-packages\django\urls\base.py", line 98, in reverse
    resolved_url = resolver._reverse_with_prefix(view, prefix, *args, **kwargs)
                   ^^^^^^^^^^^^^^^^^^^^^^^^^^^^^^^^^^^^^^^^^^^^^^^^^^^^^^^^^^^^
  File "C:\Users\javie\OneDrive\Escritorio\healthcare\venv\Lib\site-packages\django\urls\resolvers.py", line 831, in _reverse_with_prefix
    raise NoReverseMatch(msg)
django.urls.exceptions.NoReverseMatch: Reverse for 'register' not found. 'register' is not a valid view function or pattern name.
ERROR 2025-05-01 22:03:41,660 basehttp "GET / HTTP/1.1" 500 166333
WARNING 2025-05-01 22:03:41,697 log Not Found: /favicon.ico
WARNING 2025-05-01 22:03:41,698 basehttp "GET /favicon.ico HTTP/1.1" 404 3763
ERROR 2025-05-01 22:03:43,377 log Internal Server Error: /
Traceback (most recent call last):
  File "C:\Users\javie\OneDrive\Escritorio\healthcare\venv\Lib\site-packages\django\core\handlers\exception.py", line 55, in inner
    response = get_response(request)
               ^^^^^^^^^^^^^^^^^^^^^
  File "C:\Users\javie\OneDrive\Escritorio\healthcare\venv\Lib\site-packages\django\core\handlers\base.py", line 197, in _get_response
    response = wrapped_callback(request, *callback_args, **callback_kwargs)
               ^^^^^^^^^^^^^^^^^^^^^^^^^^^^^^^^^^^^^^^^^^^^^^^^^^^^^^^^^^^^
  File "C:\Users\javie\OneDrive\Escritorio\healthcare\core\views.py", line 7, in home
    return render (request, 'core/home.html')
           ^^^^^^^^^^^^^^^^^^^^^^^^^^^^^^^^^^
  File "C:\Users\javie\OneDrive\Escritorio\healthcare\venv\Lib\site-packages\django\shortcuts.py", line 25, in render
    content = loader.render_to_string(template_name, context, request, using=using)
              ^^^^^^^^^^^^^^^^^^^^^^^^^^^^^^^^^^^^^^^^^^^^^^^^^^^^^^^^^^^^^^^^^^^^^
  File "C:\Users\javie\OneDrive\Escritorio\healthcare\venv\Lib\site-packages\django\template\loader.py", line 62, in render_to_string
    return template.render(context, request)
           ^^^^^^^^^^^^^^^^^^^^^^^^^^^^^^^^^
  File "C:\Users\javie\OneDrive\Escritorio\healthcare\venv\Lib\site-packages\django\template\backends\django.py", line 107, in render
    return self.template.render(context)
           ^^^^^^^^^^^^^^^^^^^^^^^^^^^^^
  File "C:\Users\javie\OneDrive\Escritorio\healthcare\venv\Lib\site-packages\django\template\base.py", line 171, in render
    return self._render(context)
           ^^^^^^^^^^^^^^^^^^^^^
  File "C:\Users\javie\OneDrive\Escritorio\healthcare\venv\Lib\site-packages\django\template\base.py", line 163, in _render
    return self.nodelist.render(context)
           ^^^^^^^^^^^^^^^^^^^^^^^^^^^^^
  File "C:\Users\javie\OneDrive\Escritorio\healthcare\venv\Lib\site-packages\django\template\base.py", line 1016, in render
    return SafeString("".join([node.render_annotated(context) for node in self]))
                              ^^^^^^^^^^^^^^^^^^^^^^^^^^^^^^^^^^^^^^^^^^^^^^^^^
  File "C:\Users\javie\OneDrive\Escritorio\healthcare\venv\Lib\site-packages\django\template\base.py", line 1016, in <listcomp>
    return SafeString("".join([node.render_annotated(context) for node in self]))
                               ^^^^^^^^^^^^^^^^^^^^^^^^^^^^^^
  File "C:\Users\javie\OneDrive\Escritorio\healthcare\venv\Lib\site-packages\django\template\base.py", line 977, in render_annotated
    return self.render(context)
           ^^^^^^^^^^^^^^^^^^^^
  File "C:\Users\javie\OneDrive\Escritorio\healthcare\venv\Lib\site-packages\django\template\loader_tags.py", line 159, in render
    return compiled_parent._render(context)
           ^^^^^^^^^^^^^^^^^^^^^^^^^^^^^^^^
  File "C:\Users\javie\OneDrive\Escritorio\healthcare\venv\Lib\site-packages\django\template\base.py", line 163, in _render
    return self.nodelist.render(context)
           ^^^^^^^^^^^^^^^^^^^^^^^^^^^^^
  File "C:\Users\javie\OneDrive\Escritorio\healthcare\venv\Lib\site-packages\django\template\base.py", line 1016, in render
    return SafeString("".join([node.render_annotated(context) for node in self]))
                              ^^^^^^^^^^^^^^^^^^^^^^^^^^^^^^^^^^^^^^^^^^^^^^^^^
  File "C:\Users\javie\OneDrive\Escritorio\healthcare\venv\Lib\site-packages\django\template\base.py", line 1016, in <listcomp>
    return SafeString("".join([node.render_annotated(context) for node in self]))
                               ^^^^^^^^^^^^^^^^^^^^^^^^^^^^^^
  File "C:\Users\javie\OneDrive\Escritorio\healthcare\venv\Lib\site-packages\django\template\base.py", line 977, in render_annotated
    return self.render(context)
           ^^^^^^^^^^^^^^^^^^^^
  File "C:\Users\javie\OneDrive\Escritorio\healthcare\venv\Lib\site-packages\django\template\defaulttags.py", line 327, in render
    return nodelist.render(context)
           ^^^^^^^^^^^^^^^^^^^^^^^^
  File "C:\Users\javie\OneDrive\Escritorio\healthcare\venv\Lib\site-packages\django\template\base.py", line 1016, in render
    return SafeString("".join([node.render_annotated(context) for node in self]))
                              ^^^^^^^^^^^^^^^^^^^^^^^^^^^^^^^^^^^^^^^^^^^^^^^^^
  File "C:\Users\javie\OneDrive\Escritorio\healthcare\venv\Lib\site-packages\django\template\base.py", line 1016, in <listcomp>
    return SafeString("".join([node.render_annotated(context) for node in self]))
                               ^^^^^^^^^^^^^^^^^^^^^^^^^^^^^^
  File "C:\Users\javie\OneDrive\Escritorio\healthcare\venv\Lib\site-packages\django\template\base.py", line 977, in render_annotated
    return self.render(context)
           ^^^^^^^^^^^^^^^^^^^^
  File "C:\Users\javie\OneDrive\Escritorio\healthcare\venv\Lib\site-packages\django\template\defaulttags.py", line 480, in render
    url = reverse(view_name, args=args, kwargs=kwargs, current_app=current_app)
          ^^^^^^^^^^^^^^^^^^^^^^^^^^^^^^^^^^^^^^^^^^^^^^^^^^^^^^^^^^^^^^^^^^^^^
  File "C:\Users\javie\OneDrive\Escritorio\healthcare\venv\Lib\site-packages\django\urls\base.py", line 98, in reverse
    resolved_url = resolver._reverse_with_prefix(view, prefix, *args, **kwargs)
                   ^^^^^^^^^^^^^^^^^^^^^^^^^^^^^^^^^^^^^^^^^^^^^^^^^^^^^^^^^^^^
  File "C:\Users\javie\OneDrive\Escritorio\healthcare\venv\Lib\site-packages\django\urls\resolvers.py", line 831, in _reverse_with_prefix
    raise NoReverseMatch(msg)
django.urls.exceptions.NoReverseMatch: Reverse for 'register' not found. 'register' is not a valid view function or pattern name.
ERROR 2025-05-01 22:03:43,380 basehttp "GET / HTTP/1.1" 500 166333
WARNING 2025-05-01 22:03:43,418 log Not Found: /favicon.ico
WARNING 2025-05-01 22:03:43,418 basehttp "GET /favicon.ico HTTP/1.1" 404 3763
INFO 2025-05-01 22:03:51,133 autoreload Watching for file changes with StatReloader
ERROR 2025-05-01 22:03:54,621 log Internal Server Error: /
Traceback (most recent call last):
  File "C:\Users\javie\OneDrive\Escritorio\healthcare\venv\Lib\site-packages\django\core\handlers\exception.py", line 55, in inner
    response = get_response(request)
               ^^^^^^^^^^^^^^^^^^^^^
  File "C:\Users\javie\OneDrive\Escritorio\healthcare\venv\Lib\site-packages\django\core\handlers\base.py", line 197, in _get_response
    response = wrapped_callback(request, *callback_args, **callback_kwargs)
               ^^^^^^^^^^^^^^^^^^^^^^^^^^^^^^^^^^^^^^^^^^^^^^^^^^^^^^^^^^^^
  File "C:\Users\javie\OneDrive\Escritorio\healthcare\core\views.py", line 7, in home
    return render (request, 'core/home.html')
           ^^^^^^^^^^^^^^^^^^^^^^^^^^^^^^^^^^
  File "C:\Users\javie\OneDrive\Escritorio\healthcare\venv\Lib\site-packages\django\shortcuts.py", line 25, in render
    content = loader.render_to_string(template_name, context, request, using=using)
              ^^^^^^^^^^^^^^^^^^^^^^^^^^^^^^^^^^^^^^^^^^^^^^^^^^^^^^^^^^^^^^^^^^^^^
  File "C:\Users\javie\OneDrive\Escritorio\healthcare\venv\Lib\site-packages\django\template\loader.py", line 62, in render_to_string
    return template.render(context, request)
           ^^^^^^^^^^^^^^^^^^^^^^^^^^^^^^^^^
  File "C:\Users\javie\OneDrive\Escritorio\healthcare\venv\Lib\site-packages\django\template\backends\django.py", line 107, in render
    return self.template.render(context)
           ^^^^^^^^^^^^^^^^^^^^^^^^^^^^^
  File "C:\Users\javie\OneDrive\Escritorio\healthcare\venv\Lib\site-packages\django\template\base.py", line 171, in render
    return self._render(context)
           ^^^^^^^^^^^^^^^^^^^^^
  File "C:\Users\javie\OneDrive\Escritorio\healthcare\venv\Lib\site-packages\django\template\base.py", line 163, in _render
    return self.nodelist.render(context)
           ^^^^^^^^^^^^^^^^^^^^^^^^^^^^^
  File "C:\Users\javie\OneDrive\Escritorio\healthcare\venv\Lib\site-packages\django\template\base.py", line 1016, in render
    return SafeString("".join([node.render_annotated(context) for node in self]))
                              ^^^^^^^^^^^^^^^^^^^^^^^^^^^^^^^^^^^^^^^^^^^^^^^^^
  File "C:\Users\javie\OneDrive\Escritorio\healthcare\venv\Lib\site-packages\django\template\base.py", line 1016, in <listcomp>
    return SafeString("".join([node.render_annotated(context) for node in self]))
                               ^^^^^^^^^^^^^^^^^^^^^^^^^^^^^^
  File "C:\Users\javie\OneDrive\Escritorio\healthcare\venv\Lib\site-packages\django\template\base.py", line 977, in render_annotated
    return self.render(context)
           ^^^^^^^^^^^^^^^^^^^^
  File "C:\Users\javie\OneDrive\Escritorio\healthcare\venv\Lib\site-packages\django\template\loader_tags.py", line 159, in render
    return compiled_parent._render(context)
           ^^^^^^^^^^^^^^^^^^^^^^^^^^^^^^^^
  File "C:\Users\javie\OneDrive\Escritorio\healthcare\venv\Lib\site-packages\django\template\base.py", line 163, in _render
    return self.nodelist.render(context)
           ^^^^^^^^^^^^^^^^^^^^^^^^^^^^^
  File "C:\Users\javie\OneDrive\Escritorio\healthcare\venv\Lib\site-packages\django\template\base.py", line 1016, in render
    return SafeString("".join([node.render_annotated(context) for node in self]))
                              ^^^^^^^^^^^^^^^^^^^^^^^^^^^^^^^^^^^^^^^^^^^^^^^^^
  File "C:\Users\javie\OneDrive\Escritorio\healthcare\venv\Lib\site-packages\django\template\base.py", line 1016, in <listcomp>
    return SafeString("".join([node.render_annotated(context) for node in self]))
                               ^^^^^^^^^^^^^^^^^^^^^^^^^^^^^^
  File "C:\Users\javie\OneDrive\Escritorio\healthcare\venv\Lib\site-packages\django\template\base.py", line 977, in render_annotated
    return self.render(context)
           ^^^^^^^^^^^^^^^^^^^^
  File "C:\Users\javie\OneDrive\Escritorio\healthcare\venv\Lib\site-packages\django\template\defaulttags.py", line 327, in render
    return nodelist.render(context)
           ^^^^^^^^^^^^^^^^^^^^^^^^
  File "C:\Users\javie\OneDrive\Escritorio\healthcare\venv\Lib\site-packages\django\template\base.py", line 1016, in render
    return SafeString("".join([node.render_annotated(context) for node in self]))
                              ^^^^^^^^^^^^^^^^^^^^^^^^^^^^^^^^^^^^^^^^^^^^^^^^^
  File "C:\Users\javie\OneDrive\Escritorio\healthcare\venv\Lib\site-packages\django\template\base.py", line 1016, in <listcomp>
    return SafeString("".join([node.render_annotated(context) for node in self]))
                               ^^^^^^^^^^^^^^^^^^^^^^^^^^^^^^
  File "C:\Users\javie\OneDrive\Escritorio\healthcare\venv\Lib\site-packages\django\template\base.py", line 977, in render_annotated
    return self.render(context)
           ^^^^^^^^^^^^^^^^^^^^
  File "C:\Users\javie\OneDrive\Escritorio\healthcare\venv\Lib\site-packages\django\template\defaulttags.py", line 480, in render
    url = reverse(view_name, args=args, kwargs=kwargs, current_app=current_app)
          ^^^^^^^^^^^^^^^^^^^^^^^^^^^^^^^^^^^^^^^^^^^^^^^^^^^^^^^^^^^^^^^^^^^^^
  File "C:\Users\javie\OneDrive\Escritorio\healthcare\venv\Lib\site-packages\django\urls\base.py", line 98, in reverse
    resolved_url = resolver._reverse_with_prefix(view, prefix, *args, **kwargs)
                   ^^^^^^^^^^^^^^^^^^^^^^^^^^^^^^^^^^^^^^^^^^^^^^^^^^^^^^^^^^^^
  File "C:\Users\javie\OneDrive\Escritorio\healthcare\venv\Lib\site-packages\django\urls\resolvers.py", line 831, in _reverse_with_prefix
    raise NoReverseMatch(msg)
django.urls.exceptions.NoReverseMatch: Reverse for 'register' not found. 'register' is not a valid view function or pattern name.
ERROR 2025-05-01 22:03:54,626 basehttp "GET / HTTP/1.1" 500 165917
INFO 2025-05-01 22:04:00,172 autoreload C:\Users\javie\OneDrive\Escritorio\healthcare\accounts\urls.py changed, reloading.
INFO 2025-05-01 22:04:00,596 autoreload Watching for file changes with StatReloader
INFO 2025-05-01 22:04:01,801 basehttp "GET / HTTP/1.1" 200 12196
WARNING 2025-05-01 22:04:02,164 log Not Found: /favicon.ico
WARNING 2025-05-01 22:04:02,164 basehttp "GET /favicon.ico HTTP/1.1" 404 3763
INFO 2025-05-01 22:04:08,430 autoreload C:\Users\javie\OneDrive\Escritorio\healthcare\accounts\urls.py changed, reloading.
INFO 2025-05-01 22:04:08,831 autoreload Watching for file changes with StatReloader
INFO 2025-05-01 22:04:09,996 basehttp "GET /accounts/sign_up/ HTTP/1.1" 200 15229
ERROR 2025-05-01 22:04:13,574 log Internal Server Error: /accounts/login/
Traceback (most recent call last):
  File "C:\Users\javie\OneDrive\Escritorio\healthcare\venv\Lib\site-packages\django\core\handlers\exception.py", line 55, in inner
    response = get_response(request)
               ^^^^^^^^^^^^^^^^^^^^^
  File "C:\Users\javie\OneDrive\Escritorio\healthcare\venv\Lib\site-packages\django\core\handlers\base.py", line 197, in _get_response
    response = wrapped_callback(request, *callback_args, **callback_kwargs)
               ^^^^^^^^^^^^^^^^^^^^^^^^^^^^^^^^^^^^^^^^^^^^^^^^^^^^^^^^^^^^
  File "C:\Users\javie\OneDrive\Escritorio\healthcare\accounts\views.py", line 30, in login_view
    return render(request, 'accounts/login.html', {
           ^^^^^^^^^^^^^^^^^^^^^^^^^^^^^^^^^^^^^^^^
  File "C:\Users\javie\OneDrive\Escritorio\healthcare\venv\Lib\site-packages\django\shortcuts.py", line 25, in render
    content = loader.render_to_string(template_name, context, request, using=using)
              ^^^^^^^^^^^^^^^^^^^^^^^^^^^^^^^^^^^^^^^^^^^^^^^^^^^^^^^^^^^^^^^^^^^^^
  File "C:\Users\javie\OneDrive\Escritorio\healthcare\venv\Lib\site-packages\django\template\loader.py", line 62, in render_to_string
    return template.render(context, request)
           ^^^^^^^^^^^^^^^^^^^^^^^^^^^^^^^^^
  File "C:\Users\javie\OneDrive\Escritorio\healthcare\venv\Lib\site-packages\django\template\backends\django.py", line 107, in render
    return self.template.render(context)
           ^^^^^^^^^^^^^^^^^^^^^^^^^^^^^
  File "C:\Users\javie\OneDrive\Escritorio\healthcare\venv\Lib\site-packages\django\template\base.py", line 171, in render
    return self._render(context)
           ^^^^^^^^^^^^^^^^^^^^^
  File "C:\Users\javie\OneDrive\Escritorio\healthcare\venv\Lib\site-packages\django\template\base.py", line 163, in _render
    return self.nodelist.render(context)
           ^^^^^^^^^^^^^^^^^^^^^^^^^^^^^
  File "C:\Users\javie\OneDrive\Escritorio\healthcare\venv\Lib\site-packages\django\template\base.py", line 1016, in render
    return SafeString("".join([node.render_annotated(context) for node in self]))
                              ^^^^^^^^^^^^^^^^^^^^^^^^^^^^^^^^^^^^^^^^^^^^^^^^^
  File "C:\Users\javie\OneDrive\Escritorio\healthcare\venv\Lib\site-packages\django\template\base.py", line 1016, in <listcomp>
    return SafeString("".join([node.render_annotated(context) for node in self]))
                               ^^^^^^^^^^^^^^^^^^^^^^^^^^^^^^
  File "C:\Users\javie\OneDrive\Escritorio\healthcare\venv\Lib\site-packages\django\template\base.py", line 977, in render_annotated
    return self.render(context)
           ^^^^^^^^^^^^^^^^^^^^
  File "C:\Users\javie\OneDrive\Escritorio\healthcare\venv\Lib\site-packages\django\template\loader_tags.py", line 159, in render
    return compiled_parent._render(context)
           ^^^^^^^^^^^^^^^^^^^^^^^^^^^^^^^^
  File "C:\Users\javie\OneDrive\Escritorio\healthcare\venv\Lib\site-packages\django\template\base.py", line 163, in _render
    return self.nodelist.render(context)
           ^^^^^^^^^^^^^^^^^^^^^^^^^^^^^
  File "C:\Users\javie\OneDrive\Escritorio\healthcare\venv\Lib\site-packages\django\template\base.py", line 1016, in render
    return SafeString("".join([node.render_annotated(context) for node in self]))
                              ^^^^^^^^^^^^^^^^^^^^^^^^^^^^^^^^^^^^^^^^^^^^^^^^^
  File "C:\Users\javie\OneDrive\Escritorio\healthcare\venv\Lib\site-packages\django\template\base.py", line 1016, in <listcomp>
    return SafeString("".join([node.render_annotated(context) for node in self]))
                               ^^^^^^^^^^^^^^^^^^^^^^^^^^^^^^
  File "C:\Users\javie\OneDrive\Escritorio\healthcare\venv\Lib\site-packages\django\template\base.py", line 977, in render_annotated
    return self.render(context)
           ^^^^^^^^^^^^^^^^^^^^
  File "C:\Users\javie\OneDrive\Escritorio\healthcare\venv\Lib\site-packages\django\template\loader_tags.py", line 65, in render
    result = block.nodelist.render(context)
             ^^^^^^^^^^^^^^^^^^^^^^^^^^^^^^
  File "C:\Users\javie\OneDrive\Escritorio\healthcare\venv\Lib\site-packages\django\template\base.py", line 1016, in render
    return SafeString("".join([node.render_annotated(context) for node in self]))
                              ^^^^^^^^^^^^^^^^^^^^^^^^^^^^^^^^^^^^^^^^^^^^^^^^^
  File "C:\Users\javie\OneDrive\Escritorio\healthcare\venv\Lib\site-packages\django\template\base.py", line 1016, in <listcomp>
    return SafeString("".join([node.render_annotated(context) for node in self]))
                               ^^^^^^^^^^^^^^^^^^^^^^^^^^^^^^
  File "C:\Users\javie\OneDrive\Escritorio\healthcare\venv\Lib\site-packages\django\template\base.py", line 977, in render_annotated
    return self.render(context)
           ^^^^^^^^^^^^^^^^^^^^
  File "C:\Users\javie\OneDrive\Escritorio\healthcare\venv\Lib\site-packages\django\template\defaulttags.py", line 480, in render
    url = reverse(view_name, args=args, kwargs=kwargs, current_app=current_app)
          ^^^^^^^^^^^^^^^^^^^^^^^^^^^^^^^^^^^^^^^^^^^^^^^^^^^^^^^^^^^^^^^^^^^^^
  File "C:\Users\javie\OneDrive\Escritorio\healthcare\venv\Lib\site-packages\django\urls\base.py", line 98, in reverse
    resolved_url = resolver._reverse_with_prefix(view, prefix, *args, **kwargs)
                   ^^^^^^^^^^^^^^^^^^^^^^^^^^^^^^^^^^^^^^^^^^^^^^^^^^^^^^^^^^^^
  File "C:\Users\javie\OneDrive\Escritorio\healthcare\venv\Lib\site-packages\django\urls\resolvers.py", line 831, in _reverse_with_prefix
    raise NoReverseMatch(msg)
django.urls.exceptions.NoReverseMatch: Reverse for 'password_change' not found. 'password_change' is not a valid view function or pattern name.
ERROR 2025-05-01 22:04:13,579 basehttp "GET /accounts/login/ HTTP/1.1" 500 171328
INFO 2025-05-01 22:04:34,153 autoreload C:\Users\javie\OneDrive\Escritorio\healthcare\accounts\urls.py changed, reloading.
INFO 2025-05-01 22:04:34,581 autoreload Watching for file changes with StatReloader
ERROR 2025-05-01 22:04:35,775 log Internal Server Error: /accounts/login/
Traceback (most recent call last):
  File "C:\Users\javie\OneDrive\Escritorio\healthcare\venv\Lib\site-packages\django\core\handlers\exception.py", line 55, in inner
    response = get_response(request)
               ^^^^^^^^^^^^^^^^^^^^^
  File "C:\Users\javie\OneDrive\Escritorio\healthcare\venv\Lib\site-packages\django\core\handlers\base.py", line 197, in _get_response
    response = wrapped_callback(request, *callback_args, **callback_kwargs)
               ^^^^^^^^^^^^^^^^^^^^^^^^^^^^^^^^^^^^^^^^^^^^^^^^^^^^^^^^^^^^
  File "C:\Users\javie\OneDrive\Escritorio\healthcare\accounts\views.py", line 30, in login_view
    return render(request, 'accounts/login.html', {
           ^^^^^^^^^^^^^^^^^^^^^^^^^^^^^^^^^^^^^^^^
  File "C:\Users\javie\OneDrive\Escritorio\healthcare\venv\Lib\site-packages\django\shortcuts.py", line 25, in render
    content = loader.render_to_string(template_name, context, request, using=using)
              ^^^^^^^^^^^^^^^^^^^^^^^^^^^^^^^^^^^^^^^^^^^^^^^^^^^^^^^^^^^^^^^^^^^^^
  File "C:\Users\javie\OneDrive\Escritorio\healthcare\venv\Lib\site-packages\django\template\loader.py", line 62, in render_to_string
    return template.render(context, request)
           ^^^^^^^^^^^^^^^^^^^^^^^^^^^^^^^^^
  File "C:\Users\javie\OneDrive\Escritorio\healthcare\venv\Lib\site-packages\django\template\backends\django.py", line 107, in render
    return self.template.render(context)
           ^^^^^^^^^^^^^^^^^^^^^^^^^^^^^
  File "C:\Users\javie\OneDrive\Escritorio\healthcare\venv\Lib\site-packages\django\template\base.py", line 171, in render
    return self._render(context)
           ^^^^^^^^^^^^^^^^^^^^^
  File "C:\Users\javie\OneDrive\Escritorio\healthcare\venv\Lib\site-packages\django\template\base.py", line 163, in _render
    return self.nodelist.render(context)
           ^^^^^^^^^^^^^^^^^^^^^^^^^^^^^
  File "C:\Users\javie\OneDrive\Escritorio\healthcare\venv\Lib\site-packages\django\template\base.py", line 1016, in render
    return SafeString("".join([node.render_annotated(context) for node in self]))
                              ^^^^^^^^^^^^^^^^^^^^^^^^^^^^^^^^^^^^^^^^^^^^^^^^^
  File "C:\Users\javie\OneDrive\Escritorio\healthcare\venv\Lib\site-packages\django\template\base.py", line 1016, in <listcomp>
    return SafeString("".join([node.render_annotated(context) for node in self]))
                               ^^^^^^^^^^^^^^^^^^^^^^^^^^^^^^
  File "C:\Users\javie\OneDrive\Escritorio\healthcare\venv\Lib\site-packages\django\template\base.py", line 977, in render_annotated
    return self.render(context)
           ^^^^^^^^^^^^^^^^^^^^
  File "C:\Users\javie\OneDrive\Escritorio\healthcare\venv\Lib\site-packages\django\template\loader_tags.py", line 159, in render
    return compiled_parent._render(context)
           ^^^^^^^^^^^^^^^^^^^^^^^^^^^^^^^^
  File "C:\Users\javie\OneDrive\Escritorio\healthcare\venv\Lib\site-packages\django\template\base.py", line 163, in _render
    return self.nodelist.render(context)
           ^^^^^^^^^^^^^^^^^^^^^^^^^^^^^
  File "C:\Users\javie\OneDrive\Escritorio\healthcare\venv\Lib\site-packages\django\template\base.py", line 1016, in render
    return SafeString("".join([node.render_annotated(context) for node in self]))
                              ^^^^^^^^^^^^^^^^^^^^^^^^^^^^^^^^^^^^^^^^^^^^^^^^^
  File "C:\Users\javie\OneDrive\Escritorio\healthcare\venv\Lib\site-packages\django\template\base.py", line 1016, in <listcomp>
    return SafeString("".join([node.render_annotated(context) for node in self]))
                               ^^^^^^^^^^^^^^^^^^^^^^^^^^^^^^
  File "C:\Users\javie\OneDrive\Escritorio\healthcare\venv\Lib\site-packages\django\template\base.py", line 977, in render_annotated
    return self.render(context)
           ^^^^^^^^^^^^^^^^^^^^
  File "C:\Users\javie\OneDrive\Escritorio\healthcare\venv\Lib\site-packages\django\template\loader_tags.py", line 65, in render
    result = block.nodelist.render(context)
             ^^^^^^^^^^^^^^^^^^^^^^^^^^^^^^
  File "C:\Users\javie\OneDrive\Escritorio\healthcare\venv\Lib\site-packages\django\template\base.py", line 1016, in render
    return SafeString("".join([node.render_annotated(context) for node in self]))
                              ^^^^^^^^^^^^^^^^^^^^^^^^^^^^^^^^^^^^^^^^^^^^^^^^^
  File "C:\Users\javie\OneDrive\Escritorio\healthcare\venv\Lib\site-packages\django\template\base.py", line 1016, in <listcomp>
    return SafeString("".join([node.render_annotated(context) for node in self]))
                               ^^^^^^^^^^^^^^^^^^^^^^^^^^^^^^
  File "C:\Users\javie\OneDrive\Escritorio\healthcare\venv\Lib\site-packages\django\template\base.py", line 977, in render_annotated
    return self.render(context)
           ^^^^^^^^^^^^^^^^^^^^
  File "C:\Users\javie\OneDrive\Escritorio\healthcare\venv\Lib\site-packages\django\template\defaulttags.py", line 480, in render
    url = reverse(view_name, args=args, kwargs=kwargs, current_app=current_app)
          ^^^^^^^^^^^^^^^^^^^^^^^^^^^^^^^^^^^^^^^^^^^^^^^^^^^^^^^^^^^^^^^^^^^^^
  File "C:\Users\javie\OneDrive\Escritorio\healthcare\venv\Lib\site-packages\django\urls\base.py", line 98, in reverse
    resolved_url = resolver._reverse_with_prefix(view, prefix, *args, **kwargs)
                   ^^^^^^^^^^^^^^^^^^^^^^^^^^^^^^^^^^^^^^^^^^^^^^^^^^^^^^^^^^^^
  File "C:\Users\javie\OneDrive\Escritorio\healthcare\venv\Lib\site-packages\django\urls\resolvers.py", line 831, in _reverse_with_prefix
    raise NoReverseMatch(msg)
django.urls.exceptions.NoReverseMatch: Reverse for 'password_change' not found. 'password_change' is not a valid view function or pattern name.
ERROR 2025-05-01 22:04:35,781 basehttp "GET /accounts/login/ HTTP/1.1" 500 171593
WARNING 2025-05-01 22:04:35,818 log Not Found: /favicon.ico
WARNING 2025-05-01 22:04:35,819 basehttp "GET /favicon.ico HTTP/1.1" 404 3763
ERROR 2025-05-01 22:04:36,700 log Internal Server Error: /accounts/login/
Traceback (most recent call last):
  File "C:\Users\javie\OneDrive\Escritorio\healthcare\venv\Lib\site-packages\django\core\handlers\exception.py", line 55, in inner
    response = get_response(request)
               ^^^^^^^^^^^^^^^^^^^^^
  File "C:\Users\javie\OneDrive\Escritorio\healthcare\venv\Lib\site-packages\django\core\handlers\base.py", line 197, in _get_response
    response = wrapped_callback(request, *callback_args, **callback_kwargs)
               ^^^^^^^^^^^^^^^^^^^^^^^^^^^^^^^^^^^^^^^^^^^^^^^^^^^^^^^^^^^^
  File "C:\Users\javie\OneDrive\Escritorio\healthcare\accounts\views.py", line 30, in login_view
    return render(request, 'accounts/login.html', {
           ^^^^^^^^^^^^^^^^^^^^^^^^^^^^^^^^^^^^^^^^
  File "C:\Users\javie\OneDrive\Escritorio\healthcare\venv\Lib\site-packages\django\shortcuts.py", line 25, in render
    content = loader.render_to_string(template_name, context, request, using=using)
              ^^^^^^^^^^^^^^^^^^^^^^^^^^^^^^^^^^^^^^^^^^^^^^^^^^^^^^^^^^^^^^^^^^^^^
  File "C:\Users\javie\OneDrive\Escritorio\healthcare\venv\Lib\site-packages\django\template\loader.py", line 62, in render_to_string
    return template.render(context, request)
           ^^^^^^^^^^^^^^^^^^^^^^^^^^^^^^^^^
  File "C:\Users\javie\OneDrive\Escritorio\healthcare\venv\Lib\site-packages\django\template\backends\django.py", line 107, in render
    return self.template.render(context)
           ^^^^^^^^^^^^^^^^^^^^^^^^^^^^^
  File "C:\Users\javie\OneDrive\Escritorio\healthcare\venv\Lib\site-packages\django\template\base.py", line 171, in render
    return self._render(context)
           ^^^^^^^^^^^^^^^^^^^^^
  File "C:\Users\javie\OneDrive\Escritorio\healthcare\venv\Lib\site-packages\django\template\base.py", line 163, in _render
    return self.nodelist.render(context)
           ^^^^^^^^^^^^^^^^^^^^^^^^^^^^^
  File "C:\Users\javie\OneDrive\Escritorio\healthcare\venv\Lib\site-packages\django\template\base.py", line 1016, in render
    return SafeString("".join([node.render_annotated(context) for node in self]))
                              ^^^^^^^^^^^^^^^^^^^^^^^^^^^^^^^^^^^^^^^^^^^^^^^^^
  File "C:\Users\javie\OneDrive\Escritorio\healthcare\venv\Lib\site-packages\django\template\base.py", line 1016, in <listcomp>
    return SafeString("".join([node.render_annotated(context) for node in self]))
                               ^^^^^^^^^^^^^^^^^^^^^^^^^^^^^^
  File "C:\Users\javie\OneDrive\Escritorio\healthcare\venv\Lib\site-packages\django\template\base.py", line 977, in render_annotated
    return self.render(context)
           ^^^^^^^^^^^^^^^^^^^^
  File "C:\Users\javie\OneDrive\Escritorio\healthcare\venv\Lib\site-packages\django\template\loader_tags.py", line 159, in render
    return compiled_parent._render(context)
           ^^^^^^^^^^^^^^^^^^^^^^^^^^^^^^^^
  File "C:\Users\javie\OneDrive\Escritorio\healthcare\venv\Lib\site-packages\django\template\base.py", line 163, in _render
    return self.nodelist.render(context)
           ^^^^^^^^^^^^^^^^^^^^^^^^^^^^^
  File "C:\Users\javie\OneDrive\Escritorio\healthcare\venv\Lib\site-packages\django\template\base.py", line 1016, in render
    return SafeString("".join([node.render_annotated(context) for node in self]))
                              ^^^^^^^^^^^^^^^^^^^^^^^^^^^^^^^^^^^^^^^^^^^^^^^^^
  File "C:\Users\javie\OneDrive\Escritorio\healthcare\venv\Lib\site-packages\django\template\base.py", line 1016, in <listcomp>
    return SafeString("".join([node.render_annotated(context) for node in self]))
                               ^^^^^^^^^^^^^^^^^^^^^^^^^^^^^^
  File "C:\Users\javie\OneDrive\Escritorio\healthcare\venv\Lib\site-packages\django\template\base.py", line 977, in render_annotated
    return self.render(context)
           ^^^^^^^^^^^^^^^^^^^^
  File "C:\Users\javie\OneDrive\Escritorio\healthcare\venv\Lib\site-packages\django\template\loader_tags.py", line 65, in render
    result = block.nodelist.render(context)
             ^^^^^^^^^^^^^^^^^^^^^^^^^^^^^^
  File "C:\Users\javie\OneDrive\Escritorio\healthcare\venv\Lib\site-packages\django\template\base.py", line 1016, in render
    return SafeString("".join([node.render_annotated(context) for node in self]))
                              ^^^^^^^^^^^^^^^^^^^^^^^^^^^^^^^^^^^^^^^^^^^^^^^^^
  File "C:\Users\javie\OneDrive\Escritorio\healthcare\venv\Lib\site-packages\django\template\base.py", line 1016, in <listcomp>
    return SafeString("".join([node.render_annotated(context) for node in self]))
                               ^^^^^^^^^^^^^^^^^^^^^^^^^^^^^^
  File "C:\Users\javie\OneDrive\Escritorio\healthcare\venv\Lib\site-packages\django\template\base.py", line 977, in render_annotated
    return self.render(context)
           ^^^^^^^^^^^^^^^^^^^^
  File "C:\Users\javie\OneDrive\Escritorio\healthcare\venv\Lib\site-packages\django\template\defaulttags.py", line 480, in render
    url = reverse(view_name, args=args, kwargs=kwargs, current_app=current_app)
          ^^^^^^^^^^^^^^^^^^^^^^^^^^^^^^^^^^^^^^^^^^^^^^^^^^^^^^^^^^^^^^^^^^^^^
  File "C:\Users\javie\OneDrive\Escritorio\healthcare\venv\Lib\site-packages\django\urls\base.py", line 98, in reverse
    resolved_url = resolver._reverse_with_prefix(view, prefix, *args, **kwargs)
                   ^^^^^^^^^^^^^^^^^^^^^^^^^^^^^^^^^^^^^^^^^^^^^^^^^^^^^^^^^^^^
  File "C:\Users\javie\OneDrive\Escritorio\healthcare\venv\Lib\site-packages\django\urls\resolvers.py", line 831, in _reverse_with_prefix
    raise NoReverseMatch(msg)
django.urls.exceptions.NoReverseMatch: Reverse for 'password_change' not found. 'password_change' is not a valid view function or pattern name.
ERROR 2025-05-01 22:04:36,704 basehttp "GET /accounts/login/ HTTP/1.1" 500 171593
WARNING 2025-05-01 22:04:36,740 log Not Found: /favicon.ico
WARNING 2025-05-01 22:04:36,740 basehttp "GET /favicon.ico HTTP/1.1" 404 3763
INFO 2025-05-01 22:04:45,872 basehttp "GET / HTTP/1.1" 200 12198
WARNING 2025-05-01 22:04:46,254 log Not Found: /favicon.ico
WARNING 2025-05-01 22:04:46,254 basehttp "GET /favicon.ico HTTP/1.1" 404 3763
ERROR 2025-05-01 22:04:47,158 log Internal Server Error: /accounts/login/
Traceback (most recent call last):
  File "C:\Users\javie\OneDrive\Escritorio\healthcare\venv\Lib\site-packages\django\core\handlers\exception.py", line 55, in inner
    response = get_response(request)
               ^^^^^^^^^^^^^^^^^^^^^
  File "C:\Users\javie\OneDrive\Escritorio\healthcare\venv\Lib\site-packages\django\core\handlers\base.py", line 197, in _get_response
    response = wrapped_callback(request, *callback_args, **callback_kwargs)
               ^^^^^^^^^^^^^^^^^^^^^^^^^^^^^^^^^^^^^^^^^^^^^^^^^^^^^^^^^^^^
  File "C:\Users\javie\OneDrive\Escritorio\healthcare\accounts\views.py", line 30, in login_view
    return render(request, 'accounts/login.html', {
           ^^^^^^^^^^^^^^^^^^^^^^^^^^^^^^^^^^^^^^^^
  File "C:\Users\javie\OneDrive\Escritorio\healthcare\venv\Lib\site-packages\django\shortcuts.py", line 25, in render
    content = loader.render_to_string(template_name, context, request, using=using)
              ^^^^^^^^^^^^^^^^^^^^^^^^^^^^^^^^^^^^^^^^^^^^^^^^^^^^^^^^^^^^^^^^^^^^^
  File "C:\Users\javie\OneDrive\Escritorio\healthcare\venv\Lib\site-packages\django\template\loader.py", line 62, in render_to_string
    return template.render(context, request)
           ^^^^^^^^^^^^^^^^^^^^^^^^^^^^^^^^^
  File "C:\Users\javie\OneDrive\Escritorio\healthcare\venv\Lib\site-packages\django\template\backends\django.py", line 107, in render
    return self.template.render(context)
           ^^^^^^^^^^^^^^^^^^^^^^^^^^^^^
  File "C:\Users\javie\OneDrive\Escritorio\healthcare\venv\Lib\site-packages\django\template\base.py", line 171, in render
    return self._render(context)
           ^^^^^^^^^^^^^^^^^^^^^
  File "C:\Users\javie\OneDrive\Escritorio\healthcare\venv\Lib\site-packages\django\template\base.py", line 163, in _render
    return self.nodelist.render(context)
           ^^^^^^^^^^^^^^^^^^^^^^^^^^^^^
  File "C:\Users\javie\OneDrive\Escritorio\healthcare\venv\Lib\site-packages\django\template\base.py", line 1016, in render
    return SafeString("".join([node.render_annotated(context) for node in self]))
                              ^^^^^^^^^^^^^^^^^^^^^^^^^^^^^^^^^^^^^^^^^^^^^^^^^
  File "C:\Users\javie\OneDrive\Escritorio\healthcare\venv\Lib\site-packages\django\template\base.py", line 1016, in <listcomp>
    return SafeString("".join([node.render_annotated(context) for node in self]))
                               ^^^^^^^^^^^^^^^^^^^^^^^^^^^^^^
  File "C:\Users\javie\OneDrive\Escritorio\healthcare\venv\Lib\site-packages\django\template\base.py", line 977, in render_annotated
    return self.render(context)
           ^^^^^^^^^^^^^^^^^^^^
  File "C:\Users\javie\OneDrive\Escritorio\healthcare\venv\Lib\site-packages\django\template\loader_tags.py", line 159, in render
    return compiled_parent._render(context)
           ^^^^^^^^^^^^^^^^^^^^^^^^^^^^^^^^
  File "C:\Users\javie\OneDrive\Escritorio\healthcare\venv\Lib\site-packages\django\template\base.py", line 163, in _render
    return self.nodelist.render(context)
           ^^^^^^^^^^^^^^^^^^^^^^^^^^^^^
  File "C:\Users\javie\OneDrive\Escritorio\healthcare\venv\Lib\site-packages\django\template\base.py", line 1016, in render
    return SafeString("".join([node.render_annotated(context) for node in self]))
                              ^^^^^^^^^^^^^^^^^^^^^^^^^^^^^^^^^^^^^^^^^^^^^^^^^
  File "C:\Users\javie\OneDrive\Escritorio\healthcare\venv\Lib\site-packages\django\template\base.py", line 1016, in <listcomp>
    return SafeString("".join([node.render_annotated(context) for node in self]))
                               ^^^^^^^^^^^^^^^^^^^^^^^^^^^^^^
  File "C:\Users\javie\OneDrive\Escritorio\healthcare\venv\Lib\site-packages\django\template\base.py", line 977, in render_annotated
    return self.render(context)
           ^^^^^^^^^^^^^^^^^^^^
  File "C:\Users\javie\OneDrive\Escritorio\healthcare\venv\Lib\site-packages\django\template\loader_tags.py", line 65, in render
    result = block.nodelist.render(context)
             ^^^^^^^^^^^^^^^^^^^^^^^^^^^^^^
  File "C:\Users\javie\OneDrive\Escritorio\healthcare\venv\Lib\site-packages\django\template\base.py", line 1016, in render
    return SafeString("".join([node.render_annotated(context) for node in self]))
                              ^^^^^^^^^^^^^^^^^^^^^^^^^^^^^^^^^^^^^^^^^^^^^^^^^
  File "C:\Users\javie\OneDrive\Escritorio\healthcare\venv\Lib\site-packages\django\template\base.py", line 1016, in <listcomp>
    return SafeString("".join([node.render_annotated(context) for node in self]))
                               ^^^^^^^^^^^^^^^^^^^^^^^^^^^^^^
  File "C:\Users\javie\OneDrive\Escritorio\healthcare\venv\Lib\site-packages\django\template\base.py", line 977, in render_annotated
    return self.render(context)
           ^^^^^^^^^^^^^^^^^^^^
  File "C:\Users\javie\OneDrive\Escritorio\healthcare\venv\Lib\site-packages\django\template\defaulttags.py", line 480, in render
    url = reverse(view_name, args=args, kwargs=kwargs, current_app=current_app)
          ^^^^^^^^^^^^^^^^^^^^^^^^^^^^^^^^^^^^^^^^^^^^^^^^^^^^^^^^^^^^^^^^^^^^^
  File "C:\Users\javie\OneDrive\Escritorio\healthcare\venv\Lib\site-packages\django\urls\base.py", line 98, in reverse
    resolved_url = resolver._reverse_with_prefix(view, prefix, *args, **kwargs)
                   ^^^^^^^^^^^^^^^^^^^^^^^^^^^^^^^^^^^^^^^^^^^^^^^^^^^^^^^^^^^^
  File "C:\Users\javie\OneDrive\Escritorio\healthcare\venv\Lib\site-packages\django\urls\resolvers.py", line 831, in _reverse_with_prefix
    raise NoReverseMatch(msg)
django.urls.exceptions.NoReverseMatch: Reverse for 'password_change' not found. 'password_change' is not a valid view function or pattern name.
ERROR 2025-05-01 22:04:47,161 basehttp "GET /accounts/login/ HTTP/1.1" 500 171328
INFO 2025-05-01 22:04:53,729 autoreload C:\Users\javie\OneDrive\Escritorio\healthcare\accounts\urls.py changed, reloading.
INFO 2025-05-01 22:04:54,116 autoreload Watching for file changes with StatReloader
INFO 2025-05-01 22:05:01,948 autoreload C:\Users\javie\OneDrive\Escritorio\healthcare\accounts\urls.py changed, reloading.
INFO 2025-05-01 22:05:02,392 autoreload Watching for file changes with StatReloader
ERROR 2025-05-01 22:05:03,964 log Internal Server Error: /accounts/login/
Traceback (most recent call last):
  File "C:\Users\javie\OneDrive\Escritorio\healthcare\venv\Lib\site-packages\django\core\handlers\exception.py", line 55, in inner
    response = get_response(request)
               ^^^^^^^^^^^^^^^^^^^^^
  File "C:\Users\javie\OneDrive\Escritorio\healthcare\venv\Lib\site-packages\django\core\handlers\base.py", line 197, in _get_response
    response = wrapped_callback(request, *callback_args, **callback_kwargs)
               ^^^^^^^^^^^^^^^^^^^^^^^^^^^^^^^^^^^^^^^^^^^^^^^^^^^^^^^^^^^^
  File "C:\Users\javie\OneDrive\Escritorio\healthcare\accounts\views.py", line 30, in login_view
    return render(request, 'accounts/login.html', {
           ^^^^^^^^^^^^^^^^^^^^^^^^^^^^^^^^^^^^^^^^
  File "C:\Users\javie\OneDrive\Escritorio\healthcare\venv\Lib\site-packages\django\shortcuts.py", line 25, in render
    content = loader.render_to_string(template_name, context, request, using=using)
              ^^^^^^^^^^^^^^^^^^^^^^^^^^^^^^^^^^^^^^^^^^^^^^^^^^^^^^^^^^^^^^^^^^^^^
  File "C:\Users\javie\OneDrive\Escritorio\healthcare\venv\Lib\site-packages\django\template\loader.py", line 62, in render_to_string
    return template.render(context, request)
           ^^^^^^^^^^^^^^^^^^^^^^^^^^^^^^^^^
  File "C:\Users\javie\OneDrive\Escritorio\healthcare\venv\Lib\site-packages\django\template\backends\django.py", line 107, in render
    return self.template.render(context)
           ^^^^^^^^^^^^^^^^^^^^^^^^^^^^^
  File "C:\Users\javie\OneDrive\Escritorio\healthcare\venv\Lib\site-packages\django\template\base.py", line 171, in render
    return self._render(context)
           ^^^^^^^^^^^^^^^^^^^^^
  File "C:\Users\javie\OneDrive\Escritorio\healthcare\venv\Lib\site-packages\django\template\base.py", line 163, in _render
    return self.nodelist.render(context)
           ^^^^^^^^^^^^^^^^^^^^^^^^^^^^^
  File "C:\Users\javie\OneDrive\Escritorio\healthcare\venv\Lib\site-packages\django\template\base.py", line 1016, in render
    return SafeString("".join([node.render_annotated(context) for node in self]))
                              ^^^^^^^^^^^^^^^^^^^^^^^^^^^^^^^^^^^^^^^^^^^^^^^^^
  File "C:\Users\javie\OneDrive\Escritorio\healthcare\venv\Lib\site-packages\django\template\base.py", line 1016, in <listcomp>
    return SafeString("".join([node.render_annotated(context) for node in self]))
                               ^^^^^^^^^^^^^^^^^^^^^^^^^^^^^^
  File "C:\Users\javie\OneDrive\Escritorio\healthcare\venv\Lib\site-packages\django\template\base.py", line 977, in render_annotated
    return self.render(context)
           ^^^^^^^^^^^^^^^^^^^^
  File "C:\Users\javie\OneDrive\Escritorio\healthcare\venv\Lib\site-packages\django\template\loader_tags.py", line 159, in render
    return compiled_parent._render(context)
           ^^^^^^^^^^^^^^^^^^^^^^^^^^^^^^^^
  File "C:\Users\javie\OneDrive\Escritorio\healthcare\venv\Lib\site-packages\django\template\base.py", line 163, in _render
    return self.nodelist.render(context)
           ^^^^^^^^^^^^^^^^^^^^^^^^^^^^^
  File "C:\Users\javie\OneDrive\Escritorio\healthcare\venv\Lib\site-packages\django\template\base.py", line 1016, in render
    return SafeString("".join([node.render_annotated(context) for node in self]))
                              ^^^^^^^^^^^^^^^^^^^^^^^^^^^^^^^^^^^^^^^^^^^^^^^^^
  File "C:\Users\javie\OneDrive\Escritorio\healthcare\venv\Lib\site-packages\django\template\base.py", line 1016, in <listcomp>
    return SafeString("".join([node.render_annotated(context) for node in self]))
                               ^^^^^^^^^^^^^^^^^^^^^^^^^^^^^^
  File "C:\Users\javie\OneDrive\Escritorio\healthcare\venv\Lib\site-packages\django\template\base.py", line 977, in render_annotated
    return self.render(context)
           ^^^^^^^^^^^^^^^^^^^^
  File "C:\Users\javie\OneDrive\Escritorio\healthcare\venv\Lib\site-packages\django\template\loader_tags.py", line 65, in render
    result = block.nodelist.render(context)
             ^^^^^^^^^^^^^^^^^^^^^^^^^^^^^^
  File "C:\Users\javie\OneDrive\Escritorio\healthcare\venv\Lib\site-packages\django\template\base.py", line 1016, in render
    return SafeString("".join([node.render_annotated(context) for node in self]))
                              ^^^^^^^^^^^^^^^^^^^^^^^^^^^^^^^^^^^^^^^^^^^^^^^^^
  File "C:\Users\javie\OneDrive\Escritorio\healthcare\venv\Lib\site-packages\django\template\base.py", line 1016, in <listcomp>
    return SafeString("".join([node.render_annotated(context) for node in self]))
                               ^^^^^^^^^^^^^^^^^^^^^^^^^^^^^^
  File "C:\Users\javie\OneDrive\Escritorio\healthcare\venv\Lib\site-packages\django\template\base.py", line 977, in render_annotated
    return self.render(context)
           ^^^^^^^^^^^^^^^^^^^^
  File "C:\Users\javie\OneDrive\Escritorio\healthcare\venv\Lib\site-packages\django\template\defaulttags.py", line 480, in render
    url = reverse(view_name, args=args, kwargs=kwargs, current_app=current_app)
          ^^^^^^^^^^^^^^^^^^^^^^^^^^^^^^^^^^^^^^^^^^^^^^^^^^^^^^^^^^^^^^^^^^^^^
  File "C:\Users\javie\OneDrive\Escritorio\healthcare\venv\Lib\site-packages\django\urls\base.py", line 98, in reverse
    resolved_url = resolver._reverse_with_prefix(view, prefix, *args, **kwargs)
                   ^^^^^^^^^^^^^^^^^^^^^^^^^^^^^^^^^^^^^^^^^^^^^^^^^^^^^^^^^^^^
  File "C:\Users\javie\OneDrive\Escritorio\healthcare\venv\Lib\site-packages\django\urls\resolvers.py", line 831, in _reverse_with_prefix
    raise NoReverseMatch(msg)
django.urls.exceptions.NoReverseMatch: Reverse for 'password_change' not found. 'password_change' is not a valid view function or pattern name.
ERROR 2025-05-01 22:05:03,969 basehttp "GET /accounts/login/ HTTP/1.1" 500 171593
WARNING 2025-05-01 22:05:04,017 log Not Found: /favicon.ico
WARNING 2025-05-01 22:05:04,018 basehttp "GET /favicon.ico HTTP/1.1" 404 3763
INFO 2025-05-01 22:05:07,396 autoreload C:\Users\javie\OneDrive\Escritorio\healthcare\accounts\urls.py changed, reloading.
INFO 2025-05-01 22:05:07,830 autoreload Watching for file changes with StatReloader
ERROR 2025-05-01 22:05:08,250 log Internal Server Error: /accounts/login/
Traceback (most recent call last):
  File "C:\Users\javie\OneDrive\Escritorio\healthcare\venv\Lib\site-packages\django\core\handlers\exception.py", line 55, in inner
    response = get_response(request)
               ^^^^^^^^^^^^^^^^^^^^^
  File "C:\Users\javie\OneDrive\Escritorio\healthcare\venv\Lib\site-packages\django\core\handlers\base.py", line 197, in _get_response
    response = wrapped_callback(request, *callback_args, **callback_kwargs)
               ^^^^^^^^^^^^^^^^^^^^^^^^^^^^^^^^^^^^^^^^^^^^^^^^^^^^^^^^^^^^
  File "C:\Users\javie\OneDrive\Escritorio\healthcare\accounts\views.py", line 30, in login_view
    return render(request, 'accounts/login.html', {
           ^^^^^^^^^^^^^^^^^^^^^^^^^^^^^^^^^^^^^^^^
  File "C:\Users\javie\OneDrive\Escritorio\healthcare\venv\Lib\site-packages\django\shortcuts.py", line 25, in render
    content = loader.render_to_string(template_name, context, request, using=using)
              ^^^^^^^^^^^^^^^^^^^^^^^^^^^^^^^^^^^^^^^^^^^^^^^^^^^^^^^^^^^^^^^^^^^^^
  File "C:\Users\javie\OneDrive\Escritorio\healthcare\venv\Lib\site-packages\django\template\loader.py", line 62, in render_to_string
    return template.render(context, request)
           ^^^^^^^^^^^^^^^^^^^^^^^^^^^^^^^^^
  File "C:\Users\javie\OneDrive\Escritorio\healthcare\venv\Lib\site-packages\django\template\backends\django.py", line 107, in render
    return self.template.render(context)
           ^^^^^^^^^^^^^^^^^^^^^^^^^^^^^
  File "C:\Users\javie\OneDrive\Escritorio\healthcare\venv\Lib\site-packages\django\template\base.py", line 171, in render
    return self._render(context)
           ^^^^^^^^^^^^^^^^^^^^^
  File "C:\Users\javie\OneDrive\Escritorio\healthcare\venv\Lib\site-packages\django\template\base.py", line 163, in _render
    return self.nodelist.render(context)
           ^^^^^^^^^^^^^^^^^^^^^^^^^^^^^
  File "C:\Users\javie\OneDrive\Escritorio\healthcare\venv\Lib\site-packages\django\template\base.py", line 1016, in render
    return SafeString("".join([node.render_annotated(context) for node in self]))
                              ^^^^^^^^^^^^^^^^^^^^^^^^^^^^^^^^^^^^^^^^^^^^^^^^^
  File "C:\Users\javie\OneDrive\Escritorio\healthcare\venv\Lib\site-packages\django\template\base.py", line 1016, in <listcomp>
    return SafeString("".join([node.render_annotated(context) for node in self]))
                               ^^^^^^^^^^^^^^^^^^^^^^^^^^^^^^
  File "C:\Users\javie\OneDrive\Escritorio\healthcare\venv\Lib\site-packages\django\template\base.py", line 977, in render_annotated
    return self.render(context)
           ^^^^^^^^^^^^^^^^^^^^
  File "C:\Users\javie\OneDrive\Escritorio\healthcare\venv\Lib\site-packages\django\template\loader_tags.py", line 159, in render
    return compiled_parent._render(context)
           ^^^^^^^^^^^^^^^^^^^^^^^^^^^^^^^^
  File "C:\Users\javie\OneDrive\Escritorio\healthcare\venv\Lib\site-packages\django\template\base.py", line 163, in _render
    return self.nodelist.render(context)
           ^^^^^^^^^^^^^^^^^^^^^^^^^^^^^
  File "C:\Users\javie\OneDrive\Escritorio\healthcare\venv\Lib\site-packages\django\template\base.py", line 1016, in render
    return SafeString("".join([node.render_annotated(context) for node in self]))
                              ^^^^^^^^^^^^^^^^^^^^^^^^^^^^^^^^^^^^^^^^^^^^^^^^^
  File "C:\Users\javie\OneDrive\Escritorio\healthcare\venv\Lib\site-packages\django\template\base.py", line 1016, in <listcomp>
    return SafeString("".join([node.render_annotated(context) for node in self]))
                               ^^^^^^^^^^^^^^^^^^^^^^^^^^^^^^
  File "C:\Users\javie\OneDrive\Escritorio\healthcare\venv\Lib\site-packages\django\template\base.py", line 977, in render_annotated
    return self.render(context)
           ^^^^^^^^^^^^^^^^^^^^
  File "C:\Users\javie\OneDrive\Escritorio\healthcare\venv\Lib\site-packages\django\template\loader_tags.py", line 65, in render
    result = block.nodelist.render(context)
             ^^^^^^^^^^^^^^^^^^^^^^^^^^^^^^
  File "C:\Users\javie\OneDrive\Escritorio\healthcare\venv\Lib\site-packages\django\template\base.py", line 1016, in render
    return SafeString("".join([node.render_annotated(context) for node in self]))
                              ^^^^^^^^^^^^^^^^^^^^^^^^^^^^^^^^^^^^^^^^^^^^^^^^^
  File "C:\Users\javie\OneDrive\Escritorio\healthcare\venv\Lib\site-packages\django\template\base.py", line 1016, in <listcomp>
    return SafeString("".join([node.render_annotated(context) for node in self]))
                               ^^^^^^^^^^^^^^^^^^^^^^^^^^^^^^
  File "C:\Users\javie\OneDrive\Escritorio\healthcare\venv\Lib\site-packages\django\template\base.py", line 977, in render_annotated
    return self.render(context)
           ^^^^^^^^^^^^^^^^^^^^
  File "C:\Users\javie\OneDrive\Escritorio\healthcare\venv\Lib\site-packages\django\template\defaulttags.py", line 480, in render
    url = reverse(view_name, args=args, kwargs=kwargs, current_app=current_app)
          ^^^^^^^^^^^^^^^^^^^^^^^^^^^^^^^^^^^^^^^^^^^^^^^^^^^^^^^^^^^^^^^^^^^^^
  File "C:\Users\javie\OneDrive\Escritorio\healthcare\venv\Lib\site-packages\django\urls\base.py", line 98, in reverse
    resolved_url = resolver._reverse_with_prefix(view, prefix, *args, **kwargs)
                   ^^^^^^^^^^^^^^^^^^^^^^^^^^^^^^^^^^^^^^^^^^^^^^^^^^^^^^^^^^^^
  File "C:\Users\javie\OneDrive\Escritorio\healthcare\venv\Lib\site-packages\django\urls\resolvers.py", line 831, in _reverse_with_prefix
    raise NoReverseMatch(msg)
django.urls.exceptions.NoReverseMatch: Reverse for 'password_change' not found. 'password_change' is not a valid view function or pattern name.
ERROR 2025-05-01 22:05:08,256 basehttp "GET /accounts/login/ HTTP/1.1" 500 171593
WARNING 2025-05-01 22:05:08,421 log Not Found: /favicon.ico
WARNING 2025-05-01 22:05:08,421 basehttp "GET /favicon.ico HTTP/1.1" 404 3763
ERROR 2025-05-01 22:05:11,411 log Internal Server Error: /accounts/login/
Traceback (most recent call last):
  File "C:\Users\javie\OneDrive\Escritorio\healthcare\venv\Lib\site-packages\django\core\handlers\exception.py", line 55, in inner
    response = get_response(request)
               ^^^^^^^^^^^^^^^^^^^^^
  File "C:\Users\javie\OneDrive\Escritorio\healthcare\venv\Lib\site-packages\django\core\handlers\base.py", line 197, in _get_response
    response = wrapped_callback(request, *callback_args, **callback_kwargs)
               ^^^^^^^^^^^^^^^^^^^^^^^^^^^^^^^^^^^^^^^^^^^^^^^^^^^^^^^^^^^^
  File "C:\Users\javie\OneDrive\Escritorio\healthcare\accounts\views.py", line 30, in login_view
    return render(request, 'accounts/login.html', {
           ^^^^^^^^^^^^^^^^^^^^^^^^^^^^^^^^^^^^^^^^
  File "C:\Users\javie\OneDrive\Escritorio\healthcare\venv\Lib\site-packages\django\shortcuts.py", line 25, in render
    content = loader.render_to_string(template_name, context, request, using=using)
              ^^^^^^^^^^^^^^^^^^^^^^^^^^^^^^^^^^^^^^^^^^^^^^^^^^^^^^^^^^^^^^^^^^^^^
  File "C:\Users\javie\OneDrive\Escritorio\healthcare\venv\Lib\site-packages\django\template\loader.py", line 62, in render_to_string
    return template.render(context, request)
           ^^^^^^^^^^^^^^^^^^^^^^^^^^^^^^^^^
  File "C:\Users\javie\OneDrive\Escritorio\healthcare\venv\Lib\site-packages\django\template\backends\django.py", line 107, in render
    return self.template.render(context)
           ^^^^^^^^^^^^^^^^^^^^^^^^^^^^^
  File "C:\Users\javie\OneDrive\Escritorio\healthcare\venv\Lib\site-packages\django\template\base.py", line 171, in render
    return self._render(context)
           ^^^^^^^^^^^^^^^^^^^^^
  File "C:\Users\javie\OneDrive\Escritorio\healthcare\venv\Lib\site-packages\django\template\base.py", line 163, in _render
    return self.nodelist.render(context)
           ^^^^^^^^^^^^^^^^^^^^^^^^^^^^^
  File "C:\Users\javie\OneDrive\Escritorio\healthcare\venv\Lib\site-packages\django\template\base.py", line 1016, in render
    return SafeString("".join([node.render_annotated(context) for node in self]))
                              ^^^^^^^^^^^^^^^^^^^^^^^^^^^^^^^^^^^^^^^^^^^^^^^^^
  File "C:\Users\javie\OneDrive\Escritorio\healthcare\venv\Lib\site-packages\django\template\base.py", line 1016, in <listcomp>
    return SafeString("".join([node.render_annotated(context) for node in self]))
                               ^^^^^^^^^^^^^^^^^^^^^^^^^^^^^^
  File "C:\Users\javie\OneDrive\Escritorio\healthcare\venv\Lib\site-packages\django\template\base.py", line 977, in render_annotated
    return self.render(context)
           ^^^^^^^^^^^^^^^^^^^^
  File "C:\Users\javie\OneDrive\Escritorio\healthcare\venv\Lib\site-packages\django\template\loader_tags.py", line 159, in render
    return compiled_parent._render(context)
           ^^^^^^^^^^^^^^^^^^^^^^^^^^^^^^^^
  File "C:\Users\javie\OneDrive\Escritorio\healthcare\venv\Lib\site-packages\django\template\base.py", line 163, in _render
    return self.nodelist.render(context)
           ^^^^^^^^^^^^^^^^^^^^^^^^^^^^^
  File "C:\Users\javie\OneDrive\Escritorio\healthcare\venv\Lib\site-packages\django\template\base.py", line 1016, in render
    return SafeString("".join([node.render_annotated(context) for node in self]))
                              ^^^^^^^^^^^^^^^^^^^^^^^^^^^^^^^^^^^^^^^^^^^^^^^^^
  File "C:\Users\javie\OneDrive\Escritorio\healthcare\venv\Lib\site-packages\django\template\base.py", line 1016, in <listcomp>
    return SafeString("".join([node.render_annotated(context) for node in self]))
                               ^^^^^^^^^^^^^^^^^^^^^^^^^^^^^^
  File "C:\Users\javie\OneDrive\Escritorio\healthcare\venv\Lib\site-packages\django\template\base.py", line 977, in render_annotated
    return self.render(context)
           ^^^^^^^^^^^^^^^^^^^^
  File "C:\Users\javie\OneDrive\Escritorio\healthcare\venv\Lib\site-packages\django\template\loader_tags.py", line 65, in render
    result = block.nodelist.render(context)
             ^^^^^^^^^^^^^^^^^^^^^^^^^^^^^^
  File "C:\Users\javie\OneDrive\Escritorio\healthcare\venv\Lib\site-packages\django\template\base.py", line 1016, in render
    return SafeString("".join([node.render_annotated(context) for node in self]))
                              ^^^^^^^^^^^^^^^^^^^^^^^^^^^^^^^^^^^^^^^^^^^^^^^^^
  File "C:\Users\javie\OneDrive\Escritorio\healthcare\venv\Lib\site-packages\django\template\base.py", line 1016, in <listcomp>
    return SafeString("".join([node.render_annotated(context) for node in self]))
                               ^^^^^^^^^^^^^^^^^^^^^^^^^^^^^^
  File "C:\Users\javie\OneDrive\Escritorio\healthcare\venv\Lib\site-packages\django\template\base.py", line 977, in render_annotated
    return self.render(context)
           ^^^^^^^^^^^^^^^^^^^^
  File "C:\Users\javie\OneDrive\Escritorio\healthcare\venv\Lib\site-packages\django\template\defaulttags.py", line 480, in render
    url = reverse(view_name, args=args, kwargs=kwargs, current_app=current_app)
          ^^^^^^^^^^^^^^^^^^^^^^^^^^^^^^^^^^^^^^^^^^^^^^^^^^^^^^^^^^^^^^^^^^^^^
  File "C:\Users\javie\OneDrive\Escritorio\healthcare\venv\Lib\site-packages\django\urls\base.py", line 98, in reverse
    resolved_url = resolver._reverse_with_prefix(view, prefix, *args, **kwargs)
                   ^^^^^^^^^^^^^^^^^^^^^^^^^^^^^^^^^^^^^^^^^^^^^^^^^^^^^^^^^^^^
  File "C:\Users\javie\OneDrive\Escritorio\healthcare\venv\Lib\site-packages\django\urls\resolvers.py", line 831, in _reverse_with_prefix
    raise NoReverseMatch(msg)
django.urls.exceptions.NoReverseMatch: Reverse for 'password_change' not found. 'password_change' is not a valid view function or pattern name.
ERROR 2025-05-01 22:05:11,414 basehttp "GET /accounts/login/ HTTP/1.1" 500 171593
WARNING 2025-05-01 22:05:11,451 log Not Found: /favicon.ico
WARNING 2025-05-01 22:05:11,452 basehttp "GET /favicon.ico HTTP/1.1" 404 3763
INFO 2025-05-01 22:05:16,078 basehttp "GET / HTTP/1.1" 200 12212
WARNING 2025-05-01 22:05:16,420 log Not Found: /favicon.ico
WARNING 2025-05-01 22:05:16,420 basehttp "GET /favicon.ico HTTP/1.1" 404 3763
ERROR 2025-05-01 22:05:17,305 log Internal Server Error: /accounts/login/
Traceback (most recent call last):
  File "C:\Users\javie\OneDrive\Escritorio\healthcare\venv\Lib\site-packages\django\core\handlers\exception.py", line 55, in inner
    response = get_response(request)
               ^^^^^^^^^^^^^^^^^^^^^
  File "C:\Users\javie\OneDrive\Escritorio\healthcare\venv\Lib\site-packages\django\core\handlers\base.py", line 197, in _get_response
    response = wrapped_callback(request, *callback_args, **callback_kwargs)
               ^^^^^^^^^^^^^^^^^^^^^^^^^^^^^^^^^^^^^^^^^^^^^^^^^^^^^^^^^^^^
  File "C:\Users\javie\OneDrive\Escritorio\healthcare\accounts\views.py", line 30, in login_view
    return render(request, 'accounts/login.html', {
           ^^^^^^^^^^^^^^^^^^^^^^^^^^^^^^^^^^^^^^^^
  File "C:\Users\javie\OneDrive\Escritorio\healthcare\venv\Lib\site-packages\django\shortcuts.py", line 25, in render
    content = loader.render_to_string(template_name, context, request, using=using)
              ^^^^^^^^^^^^^^^^^^^^^^^^^^^^^^^^^^^^^^^^^^^^^^^^^^^^^^^^^^^^^^^^^^^^^
  File "C:\Users\javie\OneDrive\Escritorio\healthcare\venv\Lib\site-packages\django\template\loader.py", line 62, in render_to_string
    return template.render(context, request)
           ^^^^^^^^^^^^^^^^^^^^^^^^^^^^^^^^^
  File "C:\Users\javie\OneDrive\Escritorio\healthcare\venv\Lib\site-packages\django\template\backends\django.py", line 107, in render
    return self.template.render(context)
           ^^^^^^^^^^^^^^^^^^^^^^^^^^^^^
  File "C:\Users\javie\OneDrive\Escritorio\healthcare\venv\Lib\site-packages\django\template\base.py", line 171, in render
    return self._render(context)
           ^^^^^^^^^^^^^^^^^^^^^
  File "C:\Users\javie\OneDrive\Escritorio\healthcare\venv\Lib\site-packages\django\template\base.py", line 163, in _render
    return self.nodelist.render(context)
           ^^^^^^^^^^^^^^^^^^^^^^^^^^^^^
  File "C:\Users\javie\OneDrive\Escritorio\healthcare\venv\Lib\site-packages\django\template\base.py", line 1016, in render
    return SafeString("".join([node.render_annotated(context) for node in self]))
                              ^^^^^^^^^^^^^^^^^^^^^^^^^^^^^^^^^^^^^^^^^^^^^^^^^
  File "C:\Users\javie\OneDrive\Escritorio\healthcare\venv\Lib\site-packages\django\template\base.py", line 1016, in <listcomp>
    return SafeString("".join([node.render_annotated(context) for node in self]))
                               ^^^^^^^^^^^^^^^^^^^^^^^^^^^^^^
  File "C:\Users\javie\OneDrive\Escritorio\healthcare\venv\Lib\site-packages\django\template\base.py", line 977, in render_annotated
    return self.render(context)
           ^^^^^^^^^^^^^^^^^^^^
  File "C:\Users\javie\OneDrive\Escritorio\healthcare\venv\Lib\site-packages\django\template\loader_tags.py", line 159, in render
    return compiled_parent._render(context)
           ^^^^^^^^^^^^^^^^^^^^^^^^^^^^^^^^
  File "C:\Users\javie\OneDrive\Escritorio\healthcare\venv\Lib\site-packages\django\template\base.py", line 163, in _render
    return self.nodelist.render(context)
           ^^^^^^^^^^^^^^^^^^^^^^^^^^^^^
  File "C:\Users\javie\OneDrive\Escritorio\healthcare\venv\Lib\site-packages\django\template\base.py", line 1016, in render
    return SafeString("".join([node.render_annotated(context) for node in self]))
                              ^^^^^^^^^^^^^^^^^^^^^^^^^^^^^^^^^^^^^^^^^^^^^^^^^
  File "C:\Users\javie\OneDrive\Escritorio\healthcare\venv\Lib\site-packages\django\template\base.py", line 1016, in <listcomp>
    return SafeString("".join([node.render_annotated(context) for node in self]))
                               ^^^^^^^^^^^^^^^^^^^^^^^^^^^^^^
  File "C:\Users\javie\OneDrive\Escritorio\healthcare\venv\Lib\site-packages\django\template\base.py", line 977, in render_annotated
    return self.render(context)
           ^^^^^^^^^^^^^^^^^^^^
  File "C:\Users\javie\OneDrive\Escritorio\healthcare\venv\Lib\site-packages\django\template\loader_tags.py", line 65, in render
    result = block.nodelist.render(context)
             ^^^^^^^^^^^^^^^^^^^^^^^^^^^^^^
  File "C:\Users\javie\OneDrive\Escritorio\healthcare\venv\Lib\site-packages\django\template\base.py", line 1016, in render
    return SafeString("".join([node.render_annotated(context) for node in self]))
                              ^^^^^^^^^^^^^^^^^^^^^^^^^^^^^^^^^^^^^^^^^^^^^^^^^
  File "C:\Users\javie\OneDrive\Escritorio\healthcare\venv\Lib\site-packages\django\template\base.py", line 1016, in <listcomp>
    return SafeString("".join([node.render_annotated(context) for node in self]))
                               ^^^^^^^^^^^^^^^^^^^^^^^^^^^^^^
  File "C:\Users\javie\OneDrive\Escritorio\healthcare\venv\Lib\site-packages\django\template\base.py", line 977, in render_annotated
    return self.render(context)
           ^^^^^^^^^^^^^^^^^^^^
  File "C:\Users\javie\OneDrive\Escritorio\healthcare\venv\Lib\site-packages\django\template\defaulttags.py", line 480, in render
    url = reverse(view_name, args=args, kwargs=kwargs, current_app=current_app)
          ^^^^^^^^^^^^^^^^^^^^^^^^^^^^^^^^^^^^^^^^^^^^^^^^^^^^^^^^^^^^^^^^^^^^^
  File "C:\Users\javie\OneDrive\Escritorio\healthcare\venv\Lib\site-packages\django\urls\base.py", line 98, in reverse
    resolved_url = resolver._reverse_with_prefix(view, prefix, *args, **kwargs)
                   ^^^^^^^^^^^^^^^^^^^^^^^^^^^^^^^^^^^^^^^^^^^^^^^^^^^^^^^^^^^^
  File "C:\Users\javie\OneDrive\Escritorio\healthcare\venv\Lib\site-packages\django\urls\resolvers.py", line 831, in _reverse_with_prefix
    raise NoReverseMatch(msg)
django.urls.exceptions.NoReverseMatch: Reverse for 'password_change' not found. 'password_change' is not a valid view function or pattern name.
ERROR 2025-05-01 22:05:17,308 basehttp "GET /accounts/login/ HTTP/1.1" 500 171328
INFO 2025-05-01 22:05:25,969 autoreload C:\Users\javie\OneDrive\Escritorio\healthcare\accounts\urls.py changed, reloading.
INFO 2025-05-01 22:05:26,401 autoreload Watching for file changes with StatReloader
INFO 2025-05-01 22:05:29,753 autoreload C:\Users\javie\OneDrive\Escritorio\healthcare\accounts\urls.py changed, reloading.
INFO 2025-05-01 22:05:30,144 autoreload Watching for file changes with StatReloader
ERROR 2025-05-01 22:06:11,873 log Internal Server Error: /accounts/login/
Traceback (most recent call last):
  File "C:\Users\javie\OneDrive\Escritorio\healthcare\venv\Lib\site-packages\django\core\handlers\exception.py", line 55, in inner
    response = get_response(request)
               ^^^^^^^^^^^^^^^^^^^^^
  File "C:\Users\javie\OneDrive\Escritorio\healthcare\venv\Lib\site-packages\django\core\handlers\base.py", line 197, in _get_response
    response = wrapped_callback(request, *callback_args, **callback_kwargs)
               ^^^^^^^^^^^^^^^^^^^^^^^^^^^^^^^^^^^^^^^^^^^^^^^^^^^^^^^^^^^^
  File "C:\Users\javie\OneDrive\Escritorio\healthcare\accounts\views.py", line 30, in login_view
    return render(request, 'accounts/login.html', {'form':form})
           ^^^^^^^^^^^^^^^^^^^^^^^^^^^^^^^^^^^^^^^^^^^^^^^^^^^^^
  File "C:\Users\javie\OneDrive\Escritorio\healthcare\venv\Lib\site-packages\django\shortcuts.py", line 25, in render
    content = loader.render_to_string(template_name, context, request, using=using)
              ^^^^^^^^^^^^^^^^^^^^^^^^^^^^^^^^^^^^^^^^^^^^^^^^^^^^^^^^^^^^^^^^^^^^^
  File "C:\Users\javie\OneDrive\Escritorio\healthcare\venv\Lib\site-packages\django\template\loader.py", line 62, in render_to_string
    return template.render(context, request)
           ^^^^^^^^^^^^^^^^^^^^^^^^^^^^^^^^^
  File "C:\Users\javie\OneDrive\Escritorio\healthcare\venv\Lib\site-packages\django\template\backends\django.py", line 107, in render
    return self.template.render(context)
           ^^^^^^^^^^^^^^^^^^^^^^^^^^^^^
  File "C:\Users\javie\OneDrive\Escritorio\healthcare\venv\Lib\site-packages\django\template\base.py", line 171, in render
    return self._render(context)
           ^^^^^^^^^^^^^^^^^^^^^
  File "C:\Users\javie\OneDrive\Escritorio\healthcare\venv\Lib\site-packages\django\template\base.py", line 163, in _render
    return self.nodelist.render(context)
           ^^^^^^^^^^^^^^^^^^^^^^^^^^^^^
  File "C:\Users\javie\OneDrive\Escritorio\healthcare\venv\Lib\site-packages\django\template\base.py", line 1016, in render
    return SafeString("".join([node.render_annotated(context) for node in self]))
                              ^^^^^^^^^^^^^^^^^^^^^^^^^^^^^^^^^^^^^^^^^^^^^^^^^
  File "C:\Users\javie\OneDrive\Escritorio\healthcare\venv\Lib\site-packages\django\template\base.py", line 1016, in <listcomp>
    return SafeString("".join([node.render_annotated(context) for node in self]))
                               ^^^^^^^^^^^^^^^^^^^^^^^^^^^^^^
  File "C:\Users\javie\OneDrive\Escritorio\healthcare\venv\Lib\site-packages\django\template\base.py", line 977, in render_annotated
    return self.render(context)
           ^^^^^^^^^^^^^^^^^^^^
  File "C:\Users\javie\OneDrive\Escritorio\healthcare\venv\Lib\site-packages\django\template\loader_tags.py", line 159, in render
    return compiled_parent._render(context)
           ^^^^^^^^^^^^^^^^^^^^^^^^^^^^^^^^
  File "C:\Users\javie\OneDrive\Escritorio\healthcare\venv\Lib\site-packages\django\template\base.py", line 163, in _render
    return self.nodelist.render(context)
           ^^^^^^^^^^^^^^^^^^^^^^^^^^^^^
  File "C:\Users\javie\OneDrive\Escritorio\healthcare\venv\Lib\site-packages\django\template\base.py", line 1016, in render
    return SafeString("".join([node.render_annotated(context) for node in self]))
                              ^^^^^^^^^^^^^^^^^^^^^^^^^^^^^^^^^^^^^^^^^^^^^^^^^
  File "C:\Users\javie\OneDrive\Escritorio\healthcare\venv\Lib\site-packages\django\template\base.py", line 1016, in <listcomp>
    return SafeString("".join([node.render_annotated(context) for node in self]))
                               ^^^^^^^^^^^^^^^^^^^^^^^^^^^^^^
  File "C:\Users\javie\OneDrive\Escritorio\healthcare\venv\Lib\site-packages\django\template\base.py", line 977, in render_annotated
    return self.render(context)
           ^^^^^^^^^^^^^^^^^^^^
  File "C:\Users\javie\OneDrive\Escritorio\healthcare\venv\Lib\site-packages\django\template\loader_tags.py", line 65, in render
    result = block.nodelist.render(context)
             ^^^^^^^^^^^^^^^^^^^^^^^^^^^^^^
  File "C:\Users\javie\OneDrive\Escritorio\healthcare\venv\Lib\site-packages\django\template\base.py", line 1016, in render
    return SafeString("".join([node.render_annotated(context) for node in self]))
                              ^^^^^^^^^^^^^^^^^^^^^^^^^^^^^^^^^^^^^^^^^^^^^^^^^
  File "C:\Users\javie\OneDrive\Escritorio\healthcare\venv\Lib\site-packages\django\template\base.py", line 1016, in <listcomp>
    return SafeString("".join([node.render_annotated(context) for node in self]))
                               ^^^^^^^^^^^^^^^^^^^^^^^^^^^^^^
  File "C:\Users\javie\OneDrive\Escritorio\healthcare\venv\Lib\site-packages\django\template\base.py", line 977, in render_annotated
    return self.render(context)
           ^^^^^^^^^^^^^^^^^^^^
  File "C:\Users\javie\OneDrive\Escritorio\healthcare\venv\Lib\site-packages\django\template\defaulttags.py", line 480, in render
    url = reverse(view_name, args=args, kwargs=kwargs, current_app=current_app)
          ^^^^^^^^^^^^^^^^^^^^^^^^^^^^^^^^^^^^^^^^^^^^^^^^^^^^^^^^^^^^^^^^^^^^^
  File "C:\Users\javie\OneDrive\Escritorio\healthcare\venv\Lib\site-packages\django\urls\base.py", line 98, in reverse
    resolved_url = resolver._reverse_with_prefix(view, prefix, *args, **kwargs)
                   ^^^^^^^^^^^^^^^^^^^^^^^^^^^^^^^^^^^^^^^^^^^^^^^^^^^^^^^^^^^^
  File "C:\Users\javie\OneDrive\Escritorio\healthcare\venv\Lib\site-packages\django\urls\resolvers.py", line 831, in _reverse_with_prefix
    raise NoReverseMatch(msg)
django.urls.exceptions.NoReverseMatch: Reverse for 'password_change' not found. 'password_change' is not a valid view function or pattern name.
ERROR 2025-05-01 22:06:11,879 basehttp "GET /accounts/login/ HTTP/1.1" 500 171505
WARNING 2025-05-01 22:06:11,927 log Not Found: /favicon.ico
WARNING 2025-05-01 22:06:11,927 basehttp "GET /favicon.ico HTTP/1.1" 404 3763
INFO 2025-05-01 22:06:12,059 autoreload C:\Users\javie\OneDrive\Escritorio\healthcare\accounts\views.py changed, reloading.
INFO 2025-05-01 22:06:12,477 autoreload Watching for file changes with StatReloader
ERROR 2025-05-01 22:06:14,131 log Internal Server Error: /accounts/login/
Traceback (most recent call last):
  File "C:\Users\javie\OneDrive\Escritorio\healthcare\venv\Lib\site-packages\django\core\handlers\exception.py", line 55, in inner
    response = get_response(request)
               ^^^^^^^^^^^^^^^^^^^^^
  File "C:\Users\javie\OneDrive\Escritorio\healthcare\venv\Lib\site-packages\django\core\handlers\base.py", line 197, in _get_response
    response = wrapped_callback(request, *callback_args, **callback_kwargs)
               ^^^^^^^^^^^^^^^^^^^^^^^^^^^^^^^^^^^^^^^^^^^^^^^^^^^^^^^^^^^^
  File "C:\Users\javie\OneDrive\Escritorio\healthcare\accounts\views.py", line 30, in login_view
    return render(request, 'accounts/login.html', {'form':form})
           ^^^^^^^^^^^^^^^^^^^^^^^^^^^^^^^^^^^^^^^^^^^^^^^^^^^^^
  File "C:\Users\javie\OneDrive\Escritorio\healthcare\venv\Lib\site-packages\django\shortcuts.py", line 25, in render
    content = loader.render_to_string(template_name, context, request, using=using)
              ^^^^^^^^^^^^^^^^^^^^^^^^^^^^^^^^^^^^^^^^^^^^^^^^^^^^^^^^^^^^^^^^^^^^^
  File "C:\Users\javie\OneDrive\Escritorio\healthcare\venv\Lib\site-packages\django\template\loader.py", line 62, in render_to_string
    return template.render(context, request)
           ^^^^^^^^^^^^^^^^^^^^^^^^^^^^^^^^^
  File "C:\Users\javie\OneDrive\Escritorio\healthcare\venv\Lib\site-packages\django\template\backends\django.py", line 107, in render
    return self.template.render(context)
           ^^^^^^^^^^^^^^^^^^^^^^^^^^^^^
  File "C:\Users\javie\OneDrive\Escritorio\healthcare\venv\Lib\site-packages\django\template\base.py", line 171, in render
    return self._render(context)
           ^^^^^^^^^^^^^^^^^^^^^
  File "C:\Users\javie\OneDrive\Escritorio\healthcare\venv\Lib\site-packages\django\template\base.py", line 163, in _render
    return self.nodelist.render(context)
           ^^^^^^^^^^^^^^^^^^^^^^^^^^^^^
  File "C:\Users\javie\OneDrive\Escritorio\healthcare\venv\Lib\site-packages\django\template\base.py", line 1016, in render
    return SafeString("".join([node.render_annotated(context) for node in self]))
                              ^^^^^^^^^^^^^^^^^^^^^^^^^^^^^^^^^^^^^^^^^^^^^^^^^
  File "C:\Users\javie\OneDrive\Escritorio\healthcare\venv\Lib\site-packages\django\template\base.py", line 1016, in <listcomp>
    return SafeString("".join([node.render_annotated(context) for node in self]))
                               ^^^^^^^^^^^^^^^^^^^^^^^^^^^^^^
  File "C:\Users\javie\OneDrive\Escritorio\healthcare\venv\Lib\site-packages\django\template\base.py", line 977, in render_annotated
    return self.render(context)
           ^^^^^^^^^^^^^^^^^^^^
  File "C:\Users\javie\OneDrive\Escritorio\healthcare\venv\Lib\site-packages\django\template\loader_tags.py", line 159, in render
    return compiled_parent._render(context)
           ^^^^^^^^^^^^^^^^^^^^^^^^^^^^^^^^
  File "C:\Users\javie\OneDrive\Escritorio\healthcare\venv\Lib\site-packages\django\template\base.py", line 163, in _render
    return self.nodelist.render(context)
           ^^^^^^^^^^^^^^^^^^^^^^^^^^^^^
  File "C:\Users\javie\OneDrive\Escritorio\healthcare\venv\Lib\site-packages\django\template\base.py", line 1016, in render
    return SafeString("".join([node.render_annotated(context) for node in self]))
                              ^^^^^^^^^^^^^^^^^^^^^^^^^^^^^^^^^^^^^^^^^^^^^^^^^
  File "C:\Users\javie\OneDrive\Escritorio\healthcare\venv\Lib\site-packages\django\template\base.py", line 1016, in <listcomp>
    return SafeString("".join([node.render_annotated(context) for node in self]))
                               ^^^^^^^^^^^^^^^^^^^^^^^^^^^^^^
  File "C:\Users\javie\OneDrive\Escritorio\healthcare\venv\Lib\site-packages\django\template\base.py", line 977, in render_annotated
    return self.render(context)
           ^^^^^^^^^^^^^^^^^^^^
  File "C:\Users\javie\OneDrive\Escritorio\healthcare\venv\Lib\site-packages\django\template\loader_tags.py", line 65, in render
    result = block.nodelist.render(context)
             ^^^^^^^^^^^^^^^^^^^^^^^^^^^^^^
  File "C:\Users\javie\OneDrive\Escritorio\healthcare\venv\Lib\site-packages\django\template\base.py", line 1016, in render
    return SafeString("".join([node.render_annotated(context) for node in self]))
                              ^^^^^^^^^^^^^^^^^^^^^^^^^^^^^^^^^^^^^^^^^^^^^^^^^
  File "C:\Users\javie\OneDrive\Escritorio\healthcare\venv\Lib\site-packages\django\template\base.py", line 1016, in <listcomp>
    return SafeString("".join([node.render_annotated(context) for node in self]))
                               ^^^^^^^^^^^^^^^^^^^^^^^^^^^^^^
  File "C:\Users\javie\OneDrive\Escritorio\healthcare\venv\Lib\site-packages\django\template\base.py", line 977, in render_annotated
    return self.render(context)
           ^^^^^^^^^^^^^^^^^^^^
  File "C:\Users\javie\OneDrive\Escritorio\healthcare\venv\Lib\site-packages\django\template\defaulttags.py", line 480, in render
    url = reverse(view_name, args=args, kwargs=kwargs, current_app=current_app)
          ^^^^^^^^^^^^^^^^^^^^^^^^^^^^^^^^^^^^^^^^^^^^^^^^^^^^^^^^^^^^^^^^^^^^^
  File "C:\Users\javie\OneDrive\Escritorio\healthcare\venv\Lib\site-packages\django\urls\base.py", line 98, in reverse
    resolved_url = resolver._reverse_with_prefix(view, prefix, *args, **kwargs)
                   ^^^^^^^^^^^^^^^^^^^^^^^^^^^^^^^^^^^^^^^^^^^^^^^^^^^^^^^^^^^^
  File "C:\Users\javie\OneDrive\Escritorio\healthcare\venv\Lib\site-packages\django\urls\resolvers.py", line 831, in _reverse_with_prefix
    raise NoReverseMatch(msg)
django.urls.exceptions.NoReverseMatch: Reverse for 'password_change' not found. 'password_change' is not a valid view function or pattern name.
ERROR 2025-05-01 22:06:14,137 basehttp "GET /accounts/login/ HTTP/1.1" 500 170941
INFO 2025-05-01 22:07:08,853 autoreload C:\Users\javie\OneDrive\Escritorio\healthcare\accounts\urls.py changed, reloading.
INFO 2025-05-01 22:07:09,254 autoreload Watching for file changes with StatReloader
INFO 2025-05-01 22:07:15,028 autoreload C:\Users\javie\OneDrive\Escritorio\healthcare\accounts\urls.py changed, reloading.
INFO 2025-05-01 22:07:15,429 autoreload Watching for file changes with StatReloader
INFO 2025-05-01 22:07:19,224 autoreload C:\Users\javie\OneDrive\Escritorio\healthcare\accounts\urls.py changed, reloading.
INFO 2025-05-01 22:07:19,626 autoreload Watching for file changes with StatReloader
INFO 2025-05-01 22:07:24,426 autoreload C:\Users\javie\OneDrive\Escritorio\healthcare\accounts\urls.py changed, reloading.
INFO 2025-05-01 22:07:24,839 autoreload Watching for file changes with StatReloader
INFO 2025-05-01 22:07:27,514 basehttp "GET /accounts/login/ HTTP/1.1" 200 13474
WARNING 2025-05-01 22:07:27,895 log Not Found: /favicon.ico
WARNING 2025-05-01 22:07:27,895 basehttp "GET /favicon.ico HTTP/1.1" 404 3763
INFO 2025-05-01 22:07:43,142 autoreload C:\Users\javie\OneDrive\Escritorio\healthcare\accounts\urls.py changed, reloading.
INFO 2025-05-01 22:07:43,573 autoreload Watching for file changes with StatReloader
INFO 2025-05-01 22:07:45,582 basehttp "GET / HTTP/1.1" 200 12198
WARNING 2025-05-01 22:07:45,823 log Not Found: /favicon.ico
WARNING 2025-05-01 22:07:45,823 basehttp "GET /favicon.ico HTTP/1.1" 404 3763
INFO 2025-05-01 22:07:46,820 basehttp "GET /accounts/login/ HTTP/1.1" 200 13464
INFO 2025-05-01 22:07:51,577 autoreload C:\Users\javie\OneDrive\Escritorio\healthcare\accounts\urls.py changed, reloading.
INFO 2025-05-01 22:07:51,985 autoreload Watching for file changes with StatReloader
ERROR 2025-05-01 22:07:54,474 log Internal Server Error: /
Traceback (most recent call last):
  File "C:\Users\javie\OneDrive\Escritorio\healthcare\venv\Lib\site-packages\django\core\handlers\exception.py", line 55, in inner
    response = get_response(request)
               ^^^^^^^^^^^^^^^^^^^^^
  File "C:\Users\javie\OneDrive\Escritorio\healthcare\venv\Lib\site-packages\django\core\handlers\base.py", line 197, in _get_response
    response = wrapped_callback(request, *callback_args, **callback_kwargs)
               ^^^^^^^^^^^^^^^^^^^^^^^^^^^^^^^^^^^^^^^^^^^^^^^^^^^^^^^^^^^^
  File "C:\Users\javie\OneDrive\Escritorio\healthcare\core\views.py", line 7, in home
    return render (request, 'core/home.html')
           ^^^^^^^^^^^^^^^^^^^^^^^^^^^^^^^^^^
  File "C:\Users\javie\OneDrive\Escritorio\healthcare\venv\Lib\site-packages\django\shortcuts.py", line 25, in render
    content = loader.render_to_string(template_name, context, request, using=using)
              ^^^^^^^^^^^^^^^^^^^^^^^^^^^^^^^^^^^^^^^^^^^^^^^^^^^^^^^^^^^^^^^^^^^^^
  File "C:\Users\javie\OneDrive\Escritorio\healthcare\venv\Lib\site-packages\django\template\loader.py", line 62, in render_to_string
    return template.render(context, request)
           ^^^^^^^^^^^^^^^^^^^^^^^^^^^^^^^^^
  File "C:\Users\javie\OneDrive\Escritorio\healthcare\venv\Lib\site-packages\django\template\backends\django.py", line 107, in render
    return self.template.render(context)
           ^^^^^^^^^^^^^^^^^^^^^^^^^^^^^
  File "C:\Users\javie\OneDrive\Escritorio\healthcare\venv\Lib\site-packages\django\template\base.py", line 171, in render
    return self._render(context)
           ^^^^^^^^^^^^^^^^^^^^^
  File "C:\Users\javie\OneDrive\Escritorio\healthcare\venv\Lib\site-packages\django\template\base.py", line 163, in _render
    return self.nodelist.render(context)
           ^^^^^^^^^^^^^^^^^^^^^^^^^^^^^
  File "C:\Users\javie\OneDrive\Escritorio\healthcare\venv\Lib\site-packages\django\template\base.py", line 1016, in render
    return SafeString("".join([node.render_annotated(context) for node in self]))
                              ^^^^^^^^^^^^^^^^^^^^^^^^^^^^^^^^^^^^^^^^^^^^^^^^^
  File "C:\Users\javie\OneDrive\Escritorio\healthcare\venv\Lib\site-packages\django\template\base.py", line 1016, in <listcomp>
    return SafeString("".join([node.render_annotated(context) for node in self]))
                               ^^^^^^^^^^^^^^^^^^^^^^^^^^^^^^
  File "C:\Users\javie\OneDrive\Escritorio\healthcare\venv\Lib\site-packages\django\template\base.py", line 977, in render_annotated
    return self.render(context)
           ^^^^^^^^^^^^^^^^^^^^
  File "C:\Users\javie\OneDrive\Escritorio\healthcare\venv\Lib\site-packages\django\template\loader_tags.py", line 159, in render
    return compiled_parent._render(context)
           ^^^^^^^^^^^^^^^^^^^^^^^^^^^^^^^^
  File "C:\Users\javie\OneDrive\Escritorio\healthcare\venv\Lib\site-packages\django\template\base.py", line 163, in _render
    return self.nodelist.render(context)
           ^^^^^^^^^^^^^^^^^^^^^^^^^^^^^
  File "C:\Users\javie\OneDrive\Escritorio\healthcare\venv\Lib\site-packages\django\template\base.py", line 1016, in render
    return SafeString("".join([node.render_annotated(context) for node in self]))
                              ^^^^^^^^^^^^^^^^^^^^^^^^^^^^^^^^^^^^^^^^^^^^^^^^^
  File "C:\Users\javie\OneDrive\Escritorio\healthcare\venv\Lib\site-packages\django\template\base.py", line 1016, in <listcomp>
    return SafeString("".join([node.render_annotated(context) for node in self]))
                               ^^^^^^^^^^^^^^^^^^^^^^^^^^^^^^
  File "C:\Users\javie\OneDrive\Escritorio\healthcare\venv\Lib\site-packages\django\template\base.py", line 977, in render_annotated
    return self.render(context)
           ^^^^^^^^^^^^^^^^^^^^
  File "C:\Users\javie\OneDrive\Escritorio\healthcare\venv\Lib\site-packages\django\template\defaulttags.py", line 327, in render
    return nodelist.render(context)
           ^^^^^^^^^^^^^^^^^^^^^^^^
  File "C:\Users\javie\OneDrive\Escritorio\healthcare\venv\Lib\site-packages\django\template\base.py", line 1016, in render
    return SafeString("".join([node.render_annotated(context) for node in self]))
                              ^^^^^^^^^^^^^^^^^^^^^^^^^^^^^^^^^^^^^^^^^^^^^^^^^
  File "C:\Users\javie\OneDrive\Escritorio\healthcare\venv\Lib\site-packages\django\template\base.py", line 1016, in <listcomp>
    return SafeString("".join([node.render_annotated(context) for node in self]))
                               ^^^^^^^^^^^^^^^^^^^^^^^^^^^^^^
  File "C:\Users\javie\OneDrive\Escritorio\healthcare\venv\Lib\site-packages\django\template\base.py", line 977, in render_annotated
    return self.render(context)
           ^^^^^^^^^^^^^^^^^^^^
  File "C:\Users\javie\OneDrive\Escritorio\healthcare\venv\Lib\site-packages\django\template\defaulttags.py", line 480, in render
    url = reverse(view_name, args=args, kwargs=kwargs, current_app=current_app)
          ^^^^^^^^^^^^^^^^^^^^^^^^^^^^^^^^^^^^^^^^^^^^^^^^^^^^^^^^^^^^^^^^^^^^^
  File "C:\Users\javie\OneDrive\Escritorio\healthcare\venv\Lib\site-packages\django\urls\base.py", line 98, in reverse
    resolved_url = resolver._reverse_with_prefix(view, prefix, *args, **kwargs)
                   ^^^^^^^^^^^^^^^^^^^^^^^^^^^^^^^^^^^^^^^^^^^^^^^^^^^^^^^^^^^^
  File "C:\Users\javie\OneDrive\Escritorio\healthcare\venv\Lib\site-packages\django\urls\resolvers.py", line 831, in _reverse_with_prefix
    raise NoReverseMatch(msg)
django.urls.exceptions.NoReverseMatch: Reverse for 'login' not found. 'login' is not a valid view function or pattern name.
ERROR 2025-05-01 22:07:54,479 basehttp "GET / HTTP/1.1" 500 166464
WARNING 2025-05-01 22:07:54,517 log Not Found: /favicon.ico
WARNING 2025-05-01 22:07:54,517 basehttp "GET /favicon.ico HTTP/1.1" 404 3763
ERROR 2025-05-01 22:07:55,275 log Internal Server Error: /
Traceback (most recent call last):
  File "C:\Users\javie\OneDrive\Escritorio\healthcare\venv\Lib\site-packages\django\core\handlers\exception.py", line 55, in inner
    response = get_response(request)
               ^^^^^^^^^^^^^^^^^^^^^
  File "C:\Users\javie\OneDrive\Escritorio\healthcare\venv\Lib\site-packages\django\core\handlers\base.py", line 197, in _get_response
    response = wrapped_callback(request, *callback_args, **callback_kwargs)
               ^^^^^^^^^^^^^^^^^^^^^^^^^^^^^^^^^^^^^^^^^^^^^^^^^^^^^^^^^^^^
  File "C:\Users\javie\OneDrive\Escritorio\healthcare\core\views.py", line 7, in home
    return render (request, 'core/home.html')
           ^^^^^^^^^^^^^^^^^^^^^^^^^^^^^^^^^^
  File "C:\Users\javie\OneDrive\Escritorio\healthcare\venv\Lib\site-packages\django\shortcuts.py", line 25, in render
    content = loader.render_to_string(template_name, context, request, using=using)
              ^^^^^^^^^^^^^^^^^^^^^^^^^^^^^^^^^^^^^^^^^^^^^^^^^^^^^^^^^^^^^^^^^^^^^
  File "C:\Users\javie\OneDrive\Escritorio\healthcare\venv\Lib\site-packages\django\template\loader.py", line 62, in render_to_string
    return template.render(context, request)
           ^^^^^^^^^^^^^^^^^^^^^^^^^^^^^^^^^
  File "C:\Users\javie\OneDrive\Escritorio\healthcare\venv\Lib\site-packages\django\template\backends\django.py", line 107, in render
    return self.template.render(context)
           ^^^^^^^^^^^^^^^^^^^^^^^^^^^^^
  File "C:\Users\javie\OneDrive\Escritorio\healthcare\venv\Lib\site-packages\django\template\base.py", line 171, in render
    return self._render(context)
           ^^^^^^^^^^^^^^^^^^^^^
  File "C:\Users\javie\OneDrive\Escritorio\healthcare\venv\Lib\site-packages\django\template\base.py", line 163, in _render
    return self.nodelist.render(context)
           ^^^^^^^^^^^^^^^^^^^^^^^^^^^^^
  File "C:\Users\javie\OneDrive\Escritorio\healthcare\venv\Lib\site-packages\django\template\base.py", line 1016, in render
    return SafeString("".join([node.render_annotated(context) for node in self]))
                              ^^^^^^^^^^^^^^^^^^^^^^^^^^^^^^^^^^^^^^^^^^^^^^^^^
  File "C:\Users\javie\OneDrive\Escritorio\healthcare\venv\Lib\site-packages\django\template\base.py", line 1016, in <listcomp>
    return SafeString("".join([node.render_annotated(context) for node in self]))
                               ^^^^^^^^^^^^^^^^^^^^^^^^^^^^^^
  File "C:\Users\javie\OneDrive\Escritorio\healthcare\venv\Lib\site-packages\django\template\base.py", line 977, in render_annotated
    return self.render(context)
           ^^^^^^^^^^^^^^^^^^^^
  File "C:\Users\javie\OneDrive\Escritorio\healthcare\venv\Lib\site-packages\django\template\loader_tags.py", line 159, in render
    return compiled_parent._render(context)
           ^^^^^^^^^^^^^^^^^^^^^^^^^^^^^^^^
  File "C:\Users\javie\OneDrive\Escritorio\healthcare\venv\Lib\site-packages\django\template\base.py", line 163, in _render
    return self.nodelist.render(context)
           ^^^^^^^^^^^^^^^^^^^^^^^^^^^^^
  File "C:\Users\javie\OneDrive\Escritorio\healthcare\venv\Lib\site-packages\django\template\base.py", line 1016, in render
    return SafeString("".join([node.render_annotated(context) for node in self]))
                              ^^^^^^^^^^^^^^^^^^^^^^^^^^^^^^^^^^^^^^^^^^^^^^^^^
  File "C:\Users\javie\OneDrive\Escritorio\healthcare\venv\Lib\site-packages\django\template\base.py", line 1016, in <listcomp>
    return SafeString("".join([node.render_annotated(context) for node in self]))
                               ^^^^^^^^^^^^^^^^^^^^^^^^^^^^^^
  File "C:\Users\javie\OneDrive\Escritorio\healthcare\venv\Lib\site-packages\django\template\base.py", line 977, in render_annotated
    return self.render(context)
           ^^^^^^^^^^^^^^^^^^^^
  File "C:\Users\javie\OneDrive\Escritorio\healthcare\venv\Lib\site-packages\django\template\defaulttags.py", line 327, in render
    return nodelist.render(context)
           ^^^^^^^^^^^^^^^^^^^^^^^^
  File "C:\Users\javie\OneDrive\Escritorio\healthcare\venv\Lib\site-packages\django\template\base.py", line 1016, in render
    return SafeString("".join([node.render_annotated(context) for node in self]))
                              ^^^^^^^^^^^^^^^^^^^^^^^^^^^^^^^^^^^^^^^^^^^^^^^^^
  File "C:\Users\javie\OneDrive\Escritorio\healthcare\venv\Lib\site-packages\django\template\base.py", line 1016, in <listcomp>
    return SafeString("".join([node.render_annotated(context) for node in self]))
                               ^^^^^^^^^^^^^^^^^^^^^^^^^^^^^^
  File "C:\Users\javie\OneDrive\Escritorio\healthcare\venv\Lib\site-packages\django\template\base.py", line 977, in render_annotated
    return self.render(context)
           ^^^^^^^^^^^^^^^^^^^^
  File "C:\Users\javie\OneDrive\Escritorio\healthcare\venv\Lib\site-packages\django\template\defaulttags.py", line 480, in render
    url = reverse(view_name, args=args, kwargs=kwargs, current_app=current_app)
          ^^^^^^^^^^^^^^^^^^^^^^^^^^^^^^^^^^^^^^^^^^^^^^^^^^^^^^^^^^^^^^^^^^^^^
  File "C:\Users\javie\OneDrive\Escritorio\healthcare\venv\Lib\site-packages\django\urls\base.py", line 98, in reverse
    resolved_url = resolver._reverse_with_prefix(view, prefix, *args, **kwargs)
                   ^^^^^^^^^^^^^^^^^^^^^^^^^^^^^^^^^^^^^^^^^^^^^^^^^^^^^^^^^^^^
  File "C:\Users\javie\OneDrive\Escritorio\healthcare\venv\Lib\site-packages\django\urls\resolvers.py", line 831, in _reverse_with_prefix
    raise NoReverseMatch(msg)
django.urls.exceptions.NoReverseMatch: Reverse for 'login' not found. 'login' is not a valid view function or pattern name.
ERROR 2025-05-01 22:07:55,279 basehttp "GET / HTTP/1.1" 500 166464
WARNING 2025-05-01 22:07:55,316 log Not Found: /favicon.ico
WARNING 2025-05-01 22:07:55,316 basehttp "GET /favicon.ico HTTP/1.1" 404 3763
INFO 2025-05-01 22:07:57,922 autoreload C:\Users\javie\OneDrive\Escritorio\healthcare\accounts\urls.py changed, reloading.
INFO 2025-05-01 22:07:58,345 autoreload Watching for file changes with StatReloader
INFO 2025-05-01 22:08:01,252 basehttp "GET / HTTP/1.1" 200 12198
WARNING 2025-05-01 22:08:01,493 log Not Found: /favicon.ico
WARNING 2025-05-01 22:08:01,493 basehttp "GET /favicon.ico HTTP/1.1" 404 3763
INFO 2025-05-01 22:08:03,104 basehttp "GET /accounts/login/ HTTP/1.1" 200 13464
INFO 2025-05-01 22:08:04,637 basehttp "GET /accounts/login/ HTTP/1.1" 200 13464
INFO 2025-05-01 22:08:05,507 basehttp "GET /accounts/login/ HTTP/1.1" 200 13464
INFO 2025-05-01 22:08:06,315 basehttp "GET /accounts/login/ HTTP/1.1" 200 13464
INFO 2025-05-01 22:08:07,883 basehttp "GET /accounts/login/ HTTP/1.1" 200 13464
INFO 2025-05-01 22:09:10,177 autoreload C:\Users\javie\OneDrive\Escritorio\healthcare\accounts\urls.py changed, reloading.
INFO 2025-05-01 22:09:10,567 autoreload Watching for file changes with StatReloader
INFO 2025-05-01 22:09:12,785 basehttp "GET /accounts/login/ HTTP/1.1" 200 13474
WARNING 2025-05-01 22:09:13,156 log Not Found: /favicon.ico
WARNING 2025-05-01 22:09:13,157 basehttp "GET /favicon.ico HTTP/1.1" 404 3763
INFO 2025-05-01 22:09:14,232 basehttp "GET /accounts/password-change/ HTTP/1.1" 302 0
INFO 2025-05-01 22:09:14,236 basehttp "GET /accounts/login/?next=/accounts/password-change/ HTTP/1.1" 200 13474
INFO 2025-05-01 22:09:15,044 basehttp "GET /accounts/password-change/ HTTP/1.1" 302 0
INFO 2025-05-01 22:09:15,049 basehttp "GET /accounts/login/?next=/accounts/password-change/ HTTP/1.1" 200 13474
INFO 2025-05-01 22:09:16,664 basehttp "GET /accounts/password-change/ HTTP/1.1" 302 0
INFO 2025-05-01 22:09:16,668 basehttp "GET /accounts/login/?next=/accounts/password-change/ HTTP/1.1" 200 13474
ERROR 2025-05-01 22:09:35,870 log Internal Server Error: /accounts/login/
Traceback (most recent call last):
  File "C:\Users\javie\OneDrive\Escritorio\healthcare\venv\Lib\site-packages\django\core\handlers\exception.py", line 55, in inner
    response = get_response(request)
               ^^^^^^^^^^^^^^^^^^^^^
  File "C:\Users\javie\OneDrive\Escritorio\healthcare\venv\Lib\site-packages\django\core\handlers\base.py", line 197, in _get_response
    response = wrapped_callback(request, *callback_args, **callback_kwargs)
               ^^^^^^^^^^^^^^^^^^^^^^^^^^^^^^^^^^^^^^^^^^^^^^^^^^^^^^^^^^^^
  File "C:\Users\javie\OneDrive\Escritorio\healthcare\accounts\views.py", line 30, in login_view
    return render(request, 'accounts/login.html', {'form':form})
           ^^^^^^^^^^^^^^^^^^^^^^^^^^^^^^^^^^^^^^^^^^^^^^^^^^^^^
  File "C:\Users\javie\OneDrive\Escritorio\healthcare\venv\Lib\site-packages\django\shortcuts.py", line 25, in render
    content = loader.render_to_string(template_name, context, request, using=using)
              ^^^^^^^^^^^^^^^^^^^^^^^^^^^^^^^^^^^^^^^^^^^^^^^^^^^^^^^^^^^^^^^^^^^^^
  File "C:\Users\javie\OneDrive\Escritorio\healthcare\venv\Lib\site-packages\django\template\loader.py", line 62, in render_to_string
    return template.render(context, request)
           ^^^^^^^^^^^^^^^^^^^^^^^^^^^^^^^^^
  File "C:\Users\javie\OneDrive\Escritorio\healthcare\venv\Lib\site-packages\django\template\backends\django.py", line 107, in render
    return self.template.render(context)
           ^^^^^^^^^^^^^^^^^^^^^^^^^^^^^
  File "C:\Users\javie\OneDrive\Escritorio\healthcare\venv\Lib\site-packages\django\template\base.py", line 171, in render
    return self._render(context)
           ^^^^^^^^^^^^^^^^^^^^^
  File "C:\Users\javie\OneDrive\Escritorio\healthcare\venv\Lib\site-packages\django\template\base.py", line 163, in _render
    return self.nodelist.render(context)
           ^^^^^^^^^^^^^^^^^^^^^^^^^^^^^
  File "C:\Users\javie\OneDrive\Escritorio\healthcare\venv\Lib\site-packages\django\template\base.py", line 1016, in render
    return SafeString("".join([node.render_annotated(context) for node in self]))
                              ^^^^^^^^^^^^^^^^^^^^^^^^^^^^^^^^^^^^^^^^^^^^^^^^^
  File "C:\Users\javie\OneDrive\Escritorio\healthcare\venv\Lib\site-packages\django\template\base.py", line 1016, in <listcomp>
    return SafeString("".join([node.render_annotated(context) for node in self]))
                               ^^^^^^^^^^^^^^^^^^^^^^^^^^^^^^
  File "C:\Users\javie\OneDrive\Escritorio\healthcare\venv\Lib\site-packages\django\template\base.py", line 977, in render_annotated
    return self.render(context)
           ^^^^^^^^^^^^^^^^^^^^
  File "C:\Users\javie\OneDrive\Escritorio\healthcare\venv\Lib\site-packages\django\template\loader_tags.py", line 159, in render
    return compiled_parent._render(context)
           ^^^^^^^^^^^^^^^^^^^^^^^^^^^^^^^^
  File "C:\Users\javie\OneDrive\Escritorio\healthcare\venv\Lib\site-packages\django\template\base.py", line 163, in _render
    return self.nodelist.render(context)
           ^^^^^^^^^^^^^^^^^^^^^^^^^^^^^
  File "C:\Users\javie\OneDrive\Escritorio\healthcare\venv\Lib\site-packages\django\template\base.py", line 1016, in render
    return SafeString("".join([node.render_annotated(context) for node in self]))
                              ^^^^^^^^^^^^^^^^^^^^^^^^^^^^^^^^^^^^^^^^^^^^^^^^^
  File "C:\Users\javie\OneDrive\Escritorio\healthcare\venv\Lib\site-packages\django\template\base.py", line 1016, in <listcomp>
    return SafeString("".join([node.render_annotated(context) for node in self]))
                               ^^^^^^^^^^^^^^^^^^^^^^^^^^^^^^
  File "C:\Users\javie\OneDrive\Escritorio\healthcare\venv\Lib\site-packages\django\template\base.py", line 977, in render_annotated
    return self.render(context)
           ^^^^^^^^^^^^^^^^^^^^
  File "C:\Users\javie\OneDrive\Escritorio\healthcare\venv\Lib\site-packages\django\template\loader_tags.py", line 65, in render
    result = block.nodelist.render(context)
             ^^^^^^^^^^^^^^^^^^^^^^^^^^^^^^
  File "C:\Users\javie\OneDrive\Escritorio\healthcare\venv\Lib\site-packages\django\template\base.py", line 1016, in render
    return SafeString("".join([node.render_annotated(context) for node in self]))
                              ^^^^^^^^^^^^^^^^^^^^^^^^^^^^^^^^^^^^^^^^^^^^^^^^^
  File "C:\Users\javie\OneDrive\Escritorio\healthcare\venv\Lib\site-packages\django\template\base.py", line 1016, in <listcomp>
    return SafeString("".join([node.render_annotated(context) for node in self]))
                               ^^^^^^^^^^^^^^^^^^^^^^^^^^^^^^
  File "C:\Users\javie\OneDrive\Escritorio\healthcare\venv\Lib\site-packages\django\template\base.py", line 977, in render_annotated
    return self.render(context)
           ^^^^^^^^^^^^^^^^^^^^
  File "C:\Users\javie\OneDrive\Escritorio\healthcare\venv\Lib\site-packages\django\template\defaulttags.py", line 480, in render
    url = reverse(view_name, args=args, kwargs=kwargs, current_app=current_app)
          ^^^^^^^^^^^^^^^^^^^^^^^^^^^^^^^^^^^^^^^^^^^^^^^^^^^^^^^^^^^^^^^^^^^^^
  File "C:\Users\javie\OneDrive\Escritorio\healthcare\venv\Lib\site-packages\django\urls\base.py", line 98, in reverse
    resolved_url = resolver._reverse_with_prefix(view, prefix, *args, **kwargs)
                   ^^^^^^^^^^^^^^^^^^^^^^^^^^^^^^^^^^^^^^^^^^^^^^^^^^^^^^^^^^^^
  File "C:\Users\javie\OneDrive\Escritorio\healthcare\venv\Lib\site-packages\django\urls\resolvers.py", line 831, in _reverse_with_prefix
    raise NoReverseMatch(msg)
django.urls.exceptions.NoReverseMatch: Reverse for 'password-change' not found. 'password-change' is not a valid view function or pattern name.
ERROR 2025-05-01 22:09:35,874 basehttp "GET /accounts/login/?next=/accounts/password-change/ HTTP/1.1" 500 171738
WARNING 2025-05-01 22:09:35,926 log Not Found: /favicon.ico
WARNING 2025-05-01 22:09:35,927 basehttp "GET /favicon.ico HTTP/1.1" 404 3763
INFO 2025-05-01 22:09:42,087 basehttp "GET /accounts/login/?next=/accounts/password-change/ HTTP/1.1" 200 13474
WARNING 2025-05-01 22:09:42,171 log Not Found: /favicon.ico
WARNING 2025-05-01 22:09:42,171 basehttp "GET /favicon.ico HTTP/1.1" 404 3763
INFO 2025-05-01 22:09:42,900 basehttp "GET /accounts/login/?next=/accounts/password-change/ HTTP/1.1" 200 13474
WARNING 2025-05-01 22:09:43,231 log Not Found: /favicon.ico
WARNING 2025-05-01 22:09:43,231 basehttp "GET /favicon.ico HTTP/1.1" 404 3763
INFO 2025-05-01 22:09:43,882 basehttp "GET /accounts/password-change/ HTTP/1.1" 302 0
INFO 2025-05-01 22:09:43,886 basehttp "GET /accounts/login/?next=/accounts/password-change/ HTTP/1.1" 200 13474
INFO 2025-05-01 22:09:44,515 basehttp "GET /accounts/password-change/ HTTP/1.1" 302 0
INFO 2025-05-01 22:09:44,519 basehttp "GET /accounts/login/?next=/accounts/password-change/ HTTP/1.1" 200 13474
INFO 2025-05-01 22:11:30,127 autoreload C:\Users\javie\OneDrive\Escritorio\healthcare\accounts\urls.py changed, reloading.
INFO 2025-05-01 22:11:30,566 autoreload Watching for file changes with StatReloader
INFO 2025-05-01 22:11:39,099 basehttp "GET / HTTP/1.1" 200 12198
INFO 2025-05-01 22:11:40,795 basehttp "GET / HTTP/1.1" 200 12198
WARNING 2025-05-01 22:11:41,101 log Not Found: /favicon.ico
WARNING 2025-05-01 22:11:41,101 basehttp "GET /favicon.ico HTTP/1.1" 404 3763
INFO 2025-05-01 22:11:42,061 basehttp "GET /accounts/login/ HTTP/1.1" 200 13474
INFO 2025-05-01 22:11:43,120 basehttp "GET /accounts/password-change/ HTTP/1.1" 302 0
INFO 2025-05-01 22:11:43,124 basehttp "GET /accounts/login/?next=/accounts/password-change/ HTTP/1.1" 200 13474
INFO 2025-05-01 22:11:43,990 basehttp "GET /accounts/password-change/ HTTP/1.1" 302 0
INFO 2025-05-01 22:11:43,994 basehttp "GET /accounts/login/?next=/accounts/password-change/ HTTP/1.1" 200 13474
INFO 2025-05-01 22:11:44,563 basehttp "GET /accounts/password-change/ HTTP/1.1" 302 0
INFO 2025-05-01 22:11:44,566 basehttp "GET /accounts/login/?next=/accounts/password-change/ HTTP/1.1" 200 13474
INFO 2025-05-01 22:12:24,820 autoreload C:\Users\javie\OneDrive\Escritorio\healthcare\accounts\urls.py changed, reloading.
INFO 2025-05-01 22:12:25,236 autoreload Watching for file changes with StatReloader
INFO 2025-05-01 22:12:27,670 basehttp "GET /accounts/login/?next=/accounts/password-change/ HTTP/1.1" 200 13474
WARNING 2025-05-01 22:12:27,987 log Not Found: /favicon.ico
WARNING 2025-05-01 22:12:27,988 basehttp "GET /favicon.ico HTTP/1.1" 404 3763
INFO 2025-05-01 22:12:29,002 basehttp "GET /accounts/password-change/ HTTP/1.1" 302 0
INFO 2025-05-01 22:12:29,007 basehttp "GET /accounts/login/?next=/accounts/password-change/ HTTP/1.1" 200 13474
INFO 2025-05-01 22:12:54,876 autoreload C:\Users\javie\OneDrive\Escritorio\healthcare\accounts\urls.py changed, reloading.
INFO 2025-05-01 22:12:55,293 autoreload Watching for file changes with StatReloader
INFO 2025-05-01 22:13:14,442 autoreload C:\Users\javie\OneDrive\Escritorio\healthcare\accounts\urls.py changed, reloading.
INFO 2025-05-01 22:13:14,841 autoreload Watching for file changes with StatReloader
INFO 2025-05-01 22:13:16,984 basehttp "GET /accounts/login/?next=/accounts/password-change/ HTTP/1.1" 200 13474
WARNING 2025-05-01 22:13:17,310 log Not Found: /favicon.ico
WARNING 2025-05-01 22:13:17,311 basehttp "GET /favicon.ico HTTP/1.1" 404 3763
INFO 2025-05-01 22:13:18,342 basehttp "GET /accounts/password-change/ HTTP/1.1" 302 0
INFO 2025-05-01 22:13:18,346 basehttp "GET /accounts/login/?next=/accounts/password-change/ HTTP/1.1" 200 13474
INFO 2025-05-01 22:16:43,531 basehttp "GET /accounts/login/?next=/accounts/password-change/ HTTP/1.1" 200 13644
WARNING 2025-05-01 22:16:43,890 log Not Found: /favicon.ico
WARNING 2025-05-01 22:16:43,890 basehttp "GET /favicon.ico HTTP/1.1" 404 3763
INFO 2025-05-01 22:17:06,757 basehttp "GET /accounts/login/?next=/accounts/password-change/ HTTP/1.1" 200 13474
WARNING 2025-05-01 22:17:07,050 log Not Found: /favicon.ico
WARNING 2025-05-01 22:17:07,051 basehttp "GET /favicon.ico HTTP/1.1" 404 3763
ERROR 2025-05-01 22:17:14,599 log Internal Server Error: /accounts/login/
Traceback (most recent call last):
  File "C:\Users\javie\OneDrive\Escritorio\healthcare\venv\Lib\site-packages\django\core\handlers\exception.py", line 55, in inner
    response = get_response(request)
               ^^^^^^^^^^^^^^^^^^^^^
  File "C:\Users\javie\OneDrive\Escritorio\healthcare\venv\Lib\site-packages\django\core\handlers\base.py", line 204, in _get_response
    self.check_response(response, callback)
  File "C:\Users\javie\OneDrive\Escritorio\healthcare\venv\Lib\site-packages\django\core\handlers\base.py", line 332, in check_response
    raise ValueError(
ValueError: The view accounts.views.login_view didn't return an HttpResponse object. It returned None instead.
ERROR 2025-05-01 22:17:14,600 basehttp "POST /accounts/login/?next=/accounts/password-change/ HTTP/1.1" 500 73386
ERROR 2025-05-01 22:17:19,406 log Internal Server Error: /accounts/login/
Traceback (most recent call last):
  File "C:\Users\javie\OneDrive\Escritorio\healthcare\venv\Lib\site-packages\django\core\handlers\exception.py", line 55, in inner
    response = get_response(request)
               ^^^^^^^^^^^^^^^^^^^^^
  File "C:\Users\javie\OneDrive\Escritorio\healthcare\venv\Lib\site-packages\django\core\handlers\base.py", line 204, in _get_response
    self.check_response(response, callback)
  File "C:\Users\javie\OneDrive\Escritorio\healthcare\venv\Lib\site-packages\django\core\handlers\base.py", line 332, in check_response
    raise ValueError(
ValueError: The view accounts.views.login_view didn't return an HttpResponse object. It returned None instead.
ERROR 2025-05-01 22:17:19,407 basehttp "POST /accounts/login/?next=/accounts/password-change/ HTTP/1.1" 500 73388
ERROR 2025-05-01 22:17:23,839 log Internal Server Error: /accounts/login/
Traceback (most recent call last):
  File "C:\Users\javie\OneDrive\Escritorio\healthcare\venv\Lib\site-packages\django\core\handlers\exception.py", line 55, in inner
    response = get_response(request)
               ^^^^^^^^^^^^^^^^^^^^^
  File "C:\Users\javie\OneDrive\Escritorio\healthcare\venv\Lib\site-packages\django\core\handlers\base.py", line 197, in _get_response
    response = wrapped_callback(request, *callback_args, **callback_kwargs)
               ^^^^^^^^^^^^^^^^^^^^^^^^^^^^^^^^^^^^^^^^^^^^^^^^^^^^^^^^^^^^
  File "C:\Users\javie\OneDrive\Escritorio\healthcare\accounts\views.py", line 27, in login_view
    return redirect('translate')
           ^^^^^^^^^^^^^^^^^^^^^
  File "C:\Users\javie\OneDrive\Escritorio\healthcare\venv\Lib\site-packages\django\shortcuts.py", line 51, in redirect
    resolve_url(to, *args, **kwargs),
    ^^^^^^^^^^^^^^^^^^^^^^^^^^^^^^^^
  File "C:\Users\javie\OneDrive\Escritorio\healthcare\venv\Lib\site-packages\django\shortcuts.py", line 184, in resolve_url
    return reverse(to, args=args, kwargs=kwargs)
           ^^^^^^^^^^^^^^^^^^^^^^^^^^^^^^^^^^^^^
  File "C:\Users\javie\OneDrive\Escritorio\healthcare\venv\Lib\site-packages\django\urls\base.py", line 98, in reverse
    resolved_url = resolver._reverse_with_prefix(view, prefix, *args, **kwargs)
                   ^^^^^^^^^^^^^^^^^^^^^^^^^^^^^^^^^^^^^^^^^^^^^^^^^^^^^^^^^^^^
  File "C:\Users\javie\OneDrive\Escritorio\healthcare\venv\Lib\site-packages\django\urls\resolvers.py", line 831, in _reverse_with_prefix
    raise NoReverseMatch(msg)
django.urls.exceptions.NoReverseMatch: Reverse for 'translate' not found. 'translate' is not a valid view function or pattern name.
ERROR 2025-05-01 22:17:23,842 basehttp "POST /accounts/login/?next=/accounts/password-change/ HTTP/1.1" 500 92425
INFO 2025-05-01 22:17:24,952 basehttp "GET /accounts/login/?next=/accounts/password-change/ HTTP/1.1" 200 13474
ERROR 2025-05-01 22:17:32,981 log Internal Server Error: /accounts/login/
Traceback (most recent call last):
  File "C:\Users\javie\OneDrive\Escritorio\healthcare\venv\Lib\site-packages\django\core\handlers\exception.py", line 55, in inner
    response = get_response(request)
               ^^^^^^^^^^^^^^^^^^^^^
  File "C:\Users\javie\OneDrive\Escritorio\healthcare\venv\Lib\site-packages\django\core\handlers\base.py", line 204, in _get_response
    self.check_response(response, callback)
  File "C:\Users\javie\OneDrive\Escritorio\healthcare\venv\Lib\site-packages\django\core\handlers\base.py", line 332, in check_response
    raise ValueError(
ValueError: The view accounts.views.login_view didn't return an HttpResponse object. It returned None instead.
ERROR 2025-05-01 22:17:32,982 basehttp "POST /accounts/login/?next=/accounts/password-change/ HTTP/1.1" 500 73388
INFO 2025-05-01 22:17:50,568 basehttp "GET /accounts/login/?next=/accounts/password-change/ HTTP/1.1" 200 13474
WARNING 2025-05-01 22:17:50,844 log Not Found: /favicon.ico
WARNING 2025-05-01 22:17:50,844 basehttp "GET /favicon.ico HTTP/1.1" 404 3763
ERROR 2025-05-01 22:17:56,105 log Internal Server Error: /accounts/login/
Traceback (most recent call last):
  File "C:\Users\javie\OneDrive\Escritorio\healthcare\venv\Lib\site-packages\django\core\handlers\exception.py", line 55, in inner
    response = get_response(request)
               ^^^^^^^^^^^^^^^^^^^^^
  File "C:\Users\javie\OneDrive\Escritorio\healthcare\venv\Lib\site-packages\django\core\handlers\base.py", line 204, in _get_response
    self.check_response(response, callback)
  File "C:\Users\javie\OneDrive\Escritorio\healthcare\venv\Lib\site-packages\django\core\handlers\base.py", line 332, in check_response
    raise ValueError(
ValueError: The view accounts.views.login_view didn't return an HttpResponse object. It returned None instead.
ERROR 2025-05-01 22:17:56,106 basehttp "POST /accounts/login/?next=/accounts/password-change/ HTTP/1.1" 500 73388
INFO 2025-05-01 22:19:54,297 autoreload C:\Users\javie\OneDrive\Escritorio\healthcare\accounts\views.py changed, reloading.
INFO 2025-05-01 22:19:54,752 autoreload Watching for file changes with StatReloader
INFO 2025-05-01 22:20:38,584 autoreload C:\Users\javie\OneDrive\Escritorio\healthcare\accounts\views.py changed, reloading.
INFO 2025-05-01 22:20:38,967 autoreload Watching for file changes with StatReloader
INFO 2025-05-01 22:20:44,743 autoreload C:\Users\javie\OneDrive\Escritorio\healthcare\accounts\views.py changed, reloading.
INFO 2025-05-01 22:20:45,127 autoreload Watching for file changes with StatReloader
INFO 2025-05-01 22:22:14,091 autoreload C:\Users\javie\OneDrive\Escritorio\healthcare\accounts\views.py changed, reloading.
INFO 2025-05-01 22:22:14,494 autoreload Watching for file changes with StatReloader
INFO 2025-05-01 22:25:12,795 autoreload C:\Users\javie\OneDrive\Escritorio\healthcare\accounts\urls.py changed, reloading.
INFO 2025-05-01 22:25:13,210 autoreload Watching for file changes with StatReloader
INFO 2025-05-01 22:26:50,733 autoreload C:\Users\javie\OneDrive\Escritorio\healthcare\accounts\urls.py changed, reloading.
INFO 2025-05-01 22:26:51,119 autoreload Watching for file changes with StatReloader
INFO 2025-05-01 22:27:07,799 autoreload C:\Users\javie\OneDrive\Escritorio\healthcare\accounts\urls.py changed, reloading.
INFO 2025-05-01 22:27:08,192 autoreload Watching for file changes with StatReloader
INFO 2025-05-01 22:27:39,181 autoreload C:\Users\javie\OneDrive\Escritorio\healthcare\accounts\urls.py changed, reloading.
INFO 2025-05-01 22:27:39,568 autoreload Watching for file changes with StatReloader
INFO 2025-05-01 22:28:01,352 autoreload C:\Users\javie\OneDrive\Escritorio\healthcare\accounts\urls.py changed, reloading.
INFO 2025-05-01 22:28:01,727 autoreload Watching for file changes with StatReloader
INFO 2025-05-01 22:28:30,682 autoreload C:\Users\javie\OneDrive\Escritorio\healthcare\accounts\views.py changed, reloading.
INFO 2025-05-01 22:28:31,056 autoreload Watching for file changes with StatReloader
INFO 2025-05-01 22:28:40,557 autoreload C:\Users\javie\OneDrive\Escritorio\healthcare\accounts\views.py changed, reloading.
INFO 2025-05-01 22:28:40,940 autoreload Watching for file changes with StatReloader
INFO 2025-05-01 22:32:10,034 autoreload C:\Users\javie\OneDrive\Escritorio\healthcare\accounts\views.py changed, reloading.
INFO 2025-05-01 22:32:10,425 autoreload Watching for file changes with StatReloader
INFO 2025-05-01 22:33:24,405 autoreload C:\Users\javie\OneDrive\Escritorio\healthcare\accounts\forms.py changed, reloading.
INFO 2025-05-01 22:33:24,784 autoreload Watching for file changes with StatReloader
INFO 2025-05-01 22:33:47,200 basehttp "GET / HTTP/1.1" 200 12198
INFO 2025-05-01 22:33:48,392 basehttp "GET /accounts/login/ HTTP/1.1" 200 13474
INFO 2025-05-01 22:33:56,044 basehttp "POST /accounts/login/ HTTP/1.1" 200 13665
INFO 2025-05-01 22:34:10,510 basehttp "POST /accounts/login/ HTTP/1.1" 200 13665
INFO 2025-05-01 22:34:12,612 basehttp "GET /accounts/password-change/ HTTP/1.1" 302 0
INFO 2025-05-01 22:34:12,616 basehttp "GET /accounts/login/?next=/accounts/password-change/ HTTP/1.1" 200 13474
INFO 2025-05-01 22:34:20,038 basehttp "POST /accounts/login/?next=/accounts/password-change/ HTTP/1.1" 200 13665
INFO 2025-05-01 22:34:28,934 basehttp "GET /accounts/register/ HTTP/1.1" 200 15869
INFO 2025-05-01 22:34:52,686 basehttp "POST /accounts/register/ HTTP/1.1" 302 0
INFO 2025-05-01 22:34:52,691 basehttp "GET / HTTP/1.1" 200 13601
INFO 2025-05-01 22:35:09,659 basehttp "GET /dashboard/ HTTP/1.1" 200 224
INFO 2025-05-01 22:35:17,216 basehttp "GET /translate/ HTTP/1.1" 200 18292
INFO 2025-05-01 22:35:35,473 basehttp "POST /translate/ HTTP/1.1" 200 79
ERROR 2025-05-01 22:36:09,213 log Internal Server Error: /accounts/profile/
Traceback (most recent call last):
  File "C:\Users\javie\OneDrive\Escritorio\healthcare\venv\Lib\site-packages\django\core\handlers\exception.py", line 55, in inner
    response = get_response(request)
               ^^^^^^^^^^^^^^^^^^^^^
  File "C:\Users\javie\OneDrive\Escritorio\healthcare\venv\Lib\site-packages\django\core\handlers\base.py", line 197, in _get_response
    response = wrapped_callback(request, *callback_args, **callback_kwargs)
               ^^^^^^^^^^^^^^^^^^^^^^^^^^^^^^^^^^^^^^^^^^^^^^^^^^^^^^^^^^^^
  File "C:\Users\javie\OneDrive\Escritorio\healthcare\venv\Lib\site-packages\django\contrib\auth\decorators.py", line 59, in _view_wrapper
    return view_func(request, *args, **kwargs)
           ^^^^^^^^^^^^^^^^^^^^^^^^^^^^^^^^^^^
  File "C:\Users\javie\OneDrive\Escritorio\healthcare\accounts\views.py", line 39, in profile_view
    if request.methond == 'POST':
       ^^^^^^^^^^^^^^^
AttributeError: 'WSGIRequest' object has no attribute 'methond'
ERROR 2025-05-01 22:36:09,215 basehttp "GET /accounts/profile/ HTTP/1.1" 500 76482
INFO 2025-05-01 22:36:11,118 basehttp "GET /translate/ HTTP/1.1" 200 18292
INFO 2025-05-01 22:37:22,350 basehttp "GET /translate/ HTTP/1.1" 200 18292
WARNING 2025-05-01 22:37:22,738 log Not Found: /favicon.ico
WARNING 2025-05-01 22:37:22,738 basehttp "GET /favicon.ico HTTP/1.1" 404 3763
ERROR 2025-05-01 22:37:24,420 log Internal Server Error: /accounts/profile/
Traceback (most recent call last):
  File "C:\Users\javie\OneDrive\Escritorio\healthcare\venv\Lib\site-packages\django\core\handlers\exception.py", line 55, in inner
    response = get_response(request)
               ^^^^^^^^^^^^^^^^^^^^^
  File "C:\Users\javie\OneDrive\Escritorio\healthcare\venv\Lib\site-packages\django\core\handlers\base.py", line 197, in _get_response
    response = wrapped_callback(request, *callback_args, **callback_kwargs)
               ^^^^^^^^^^^^^^^^^^^^^^^^^^^^^^^^^^^^^^^^^^^^^^^^^^^^^^^^^^^^
  File "C:\Users\javie\OneDrive\Escritorio\healthcare\venv\Lib\site-packages\django\contrib\auth\decorators.py", line 59, in _view_wrapper
    return view_func(request, *args, **kwargs)
           ^^^^^^^^^^^^^^^^^^^^^^^^^^^^^^^^^^^
  File "C:\Users\javie\OneDrive\Escritorio\healthcare\accounts\views.py", line 39, in profile_view
    if request.methond == 'POST':
       ^^^^^^^^^^^^^^^
AttributeError: 'WSGIRequest' object has no attribute 'methond'
ERROR 2025-05-01 22:37:24,422 basehttp "GET /accounts/profile/ HTTP/1.1" 500 76482
INFO 2025-05-01 22:37:31,379 basehttp "POST /accounts/logout/ HTTP/1.1" 302 0
INFO 2025-05-01 22:37:31,382 basehttp "GET / HTTP/1.1" 200 12198
INFO 2025-05-01 22:37:33,084 basehttp "GET /accounts/login/ HTTP/1.1" 200 13474
INFO 2025-05-01 22:37:34,760 basehttp "GET /accounts/register/ HTTP/1.1" 200 15475
INFO 2025-05-01 22:37:36,729 basehttp "GET / HTTP/1.1" 200 12198
INFO 2025-05-01 22:37:37,792 basehttp "GET /accounts/login/ HTTP/1.1" 200 13474
INFO 2025-05-01 22:37:38,707 basehttp "GET /accounts/password-change/ HTTP/1.1" 302 0
INFO 2025-05-01 22:37:38,711 basehttp "GET /accounts/login/?next=/accounts/password-change/ HTTP/1.1" 200 13474
INFO 2025-05-01 22:37:39,576 basehttp "GET /accounts/password-change/ HTTP/1.1" 302 0
INFO 2025-05-01 22:37:39,580 basehttp "GET /accounts/login/?next=/accounts/password-change/ HTTP/1.1" 200 13474
INFO 2025-05-01 22:37:40,194 basehttp "GET /accounts/password-change/ HTTP/1.1" 302 0
INFO 2025-05-01 22:37:40,198 basehttp "GET /accounts/login/?next=/accounts/password-change/ HTTP/1.1" 200 13474
INFO 2025-05-01 22:37:40,580 basehttp "GET /accounts/password-change/ HTTP/1.1" 302 0
INFO 2025-05-01 22:37:40,584 basehttp "GET /accounts/login/?next=/accounts/password-change/ HTTP/1.1" 200 13474
INFO 2025-05-01 22:37:40,786 basehttp "GET /accounts/password-change/ HTTP/1.1" 302 0
INFO 2025-05-01 22:37:40,790 basehttp "GET /accounts/login/?next=/accounts/password-change/ HTTP/1.1" 200 13474
INFO 2025-05-01 22:37:40,960 basehttp "GET /accounts/password-change/ HTTP/1.1" 302 0
INFO 2025-05-01 22:37:40,964 basehttp "GET /accounts/login/?next=/accounts/password-change/ HTTP/1.1" 200 13474
INFO 2025-05-01 22:39:28,886 basehttp "POST /accounts/login/?next=/accounts/password-change/ HTTP/1.1" 302 0
INFO 2025-05-01 22:39:28,892 basehttp "GET / HTTP/1.1" 200 13601
INFO 2025-05-01 22:39:32,538 basehttp "GET /translate/ HTTP/1.1" 200 18292
INFO 2025-05-01 22:39:46,381 basehttp "POST /translate/ HTTP/1.1" 200 82
INFO 2025-05-01 22:44:26,542 basehttp "POST /translate/ HTTP/1.1" 200 180
INFO 2025-05-01 22:44:37,879 basehttp "POST /translate/ HTTP/1.1" 200 167
INFO 2025-05-01 22:45:15,092 basehttp "POST /translate/ HTTP/1.1" 200 84
INFO 2025-05-01 22:45:48,650 basehttp "GET /translate/ HTTP/1.1" 200 17819
WARNING 2025-05-01 22:45:48,977 log Not Found: /favicon.ico
WARNING 2025-05-01 22:45:48,978 basehttp "GET /favicon.ico HTTP/1.1" 404 3763
INFO 2025-05-01 22:46:16,076 basehttp "POST /translate/ HTTP/1.1" 200 84
INFO 2025-05-01 22:46:20,526 basehttp "POST /translate/ HTTP/1.1" 200 82
INFO 2025-05-01 22:46:29,058 basehttp "POST /translate/ HTTP/1.1" 200 90
INFO 2025-05-01 22:46:40,392 basehttp "POST /translate/ HTTP/1.1" 200 81
ERROR 2025-05-01 22:46:45,331 log Internal Server Error: /privacy/
Traceback (most recent call last):
  File "C:\Users\javie\OneDrive\Escritorio\healthcare\venv\Lib\site-packages\django\core\handlers\exception.py", line 55, in inner
    response = get_response(request)
               ^^^^^^^^^^^^^^^^^^^^^
  File "C:\Users\javie\OneDrive\Escritorio\healthcare\venv\Lib\site-packages\django\core\handlers\base.py", line 204, in _get_response
    self.check_response(response, callback)
  File "C:\Users\javie\OneDrive\Escritorio\healthcare\venv\Lib\site-packages\django\core\handlers\base.py", line 332, in check_response
    raise ValueError(
ValueError: The view core.views.privacyView didn't return an HttpResponse object. It returned None instead.
ERROR 2025-05-01 22:46:45,332 basehttp "GET /privacy/ HTTP/1.1" 500 72197
INFO 2025-05-01 22:46:47,328 basehttp "GET /dashboard/ HTTP/1.1" 200 224
INFO 2025-05-01 22:46:48,934 basehttp "GET /translate/ HTTP/1.1" 200 17819
ERROR 2025-05-01 22:46:50,900 log Internal Server Error: /accounts/profile/
Traceback (most recent call last):
  File "C:\Users\javie\OneDrive\Escritorio\healthcare\venv\Lib\site-packages\django\core\handlers\exception.py", line 55, in inner
    response = get_response(request)
               ^^^^^^^^^^^^^^^^^^^^^
  File "C:\Users\javie\OneDrive\Escritorio\healthcare\venv\Lib\site-packages\django\core\handlers\base.py", line 197, in _get_response
    response = wrapped_callback(request, *callback_args, **callback_kwargs)
               ^^^^^^^^^^^^^^^^^^^^^^^^^^^^^^^^^^^^^^^^^^^^^^^^^^^^^^^^^^^^
  File "C:\Users\javie\OneDrive\Escritorio\healthcare\venv\Lib\site-packages\django\contrib\auth\decorators.py", line 59, in _view_wrapper
    return view_func(request, *args, **kwargs)
           ^^^^^^^^^^^^^^^^^^^^^^^^^^^^^^^^^^^
  File "C:\Users\javie\OneDrive\Escritorio\healthcare\accounts\views.py", line 39, in profile_view
    if request.methond == 'POST':
       ^^^^^^^^^^^^^^^
AttributeError: 'WSGIRequest' object has no attribute 'methond'
ERROR 2025-05-01 22:46:50,901 basehttp "GET /accounts/profile/ HTTP/1.1" 500 76477
INFO 2025-05-01 22:47:40,822 basehttp "GET / HTTP/1.1" 200 13127
INFO 2025-05-01 22:47:42,702 basehttp "GET /translate/ HTTP/1.1" 200 17818
INFO 2025-05-01 22:47:51,531 basehttp "POST /translate/ HTTP/1.1" 200 79
INFO 2025-05-01 22:49:04,256 basehttp "GET /translate/ HTTP/1.1" 200 17828
INFO 2025-05-01 22:49:06,711 basehttp "POST /accounts/logout/ HTTP/1.1" 302 0
INFO 2025-05-01 22:49:06,713 basehttp "GET / HTTP/1.1" 200 11725
INFO 2025-05-01 22:49:08,117 basehttp "GET /accounts/register/ HTTP/1.1" 200 14757
INFO 2025-05-01 22:49:09,134 basehttp "GET /accounts/login/ HTTP/1.1" 200 13001
INFO 2025-05-01 22:49:10,095 basehttp "GET / HTTP/1.1" 200 11725
INFO 2025-05-01 22:49:11,750 basehttp "GET /accounts/login/ HTTP/1.1" 200 13001
INFO 2025-05-01 22:49:19,021 basehttp "POST /accounts/login/ HTTP/1.1" 302 0
INFO 2025-05-01 22:49:19,026 basehttp "GET / HTTP/1.1" 200 13137
ERROR 2025-05-01 22:49:21,782 log Internal Server Error: /accounts/profile/
Traceback (most recent call last):
  File "C:\Users\javie\OneDrive\Escritorio\healthcare\venv\Lib\site-packages\django\core\handlers\exception.py", line 55, in inner
    response = get_response(request)
               ^^^^^^^^^^^^^^^^^^^^^
  File "C:\Users\javie\OneDrive\Escritorio\healthcare\venv\Lib\site-packages\django\core\handlers\base.py", line 197, in _get_response
    response = wrapped_callback(request, *callback_args, **callback_kwargs)
               ^^^^^^^^^^^^^^^^^^^^^^^^^^^^^^^^^^^^^^^^^^^^^^^^^^^^^^^^^^^^
  File "C:\Users\javie\OneDrive\Escritorio\healthcare\venv\Lib\site-packages\django\contrib\auth\decorators.py", line 59, in _view_wrapper
    return view_func(request, *args, **kwargs)
           ^^^^^^^^^^^^^^^^^^^^^^^^^^^^^^^^^^^
  File "C:\Users\javie\OneDrive\Escritorio\healthcare\accounts\views.py", line 39, in profile_view
    if request.methond == 'POST':
       ^^^^^^^^^^^^^^^
AttributeError: 'WSGIRequest' object has no attribute 'methond'
ERROR 2025-05-01 22:49:21,783 basehttp "GET /accounts/profile/ HTTP/1.1" 500 76539
INFO 2025-05-01 22:49:30,851 basehttp "GET / HTTP/1.1" 200 13136
INFO 2025-05-01 22:49:31,605 basehttp "GET / HTTP/1.1" 200 13136
INFO 2025-05-01 22:49:50,262 basehttp "GET / HTTP/1.1" 200 13135
INFO 2025-05-01 22:50:24,130 basehttp "GET / HTTP/1.1" 200 13228
INFO 2025-05-01 22:50:38,637 basehttp "GET / HTTP/1.1" 200 13240
INFO 2025-05-01 22:51:14,643 basehttp "GET / HTTP/1.1" 200 13317
INFO 2025-05-01 22:51:26,424 basehttp "GET / HTTP/1.1" 200 13325
INFO 2025-05-01 22:51:29,692 basehttp "GET / HTTP/1.1" 200 13325
INFO 2025-05-01 22:51:30,763 basehttp "GET / HTTP/1.1" 200 13325
INFO 2025-05-01 22:51:31,342 basehttp "GET /translate/ HTTP/1.1" 200 18016
INFO 2025-05-01 22:51:32,135 basehttp "GET / HTTP/1.1" 200 13325
INFO 2025-05-01 22:51:32,613 basehttp "GET /translate/ HTTP/1.1" 200 18016
INFO 2025-05-01 22:51:42,348 basehttp "POST /translate/ HTTP/1.1" 200 79
WARNING 2025-05-01 22:53:18,025 log Not Found: /profile
WARNING 2025-05-01 22:53:18,025 basehttp "GET /profile HTTP/1.1" 404 3751
INFO 2025-05-01 22:53:27,218 basehttp "GET /accounts/profile HTTP/1.1" 301 0
ERROR 2025-05-01 22:53:27,234 log Internal Server Error: /accounts/profile/
Traceback (most recent call last):
  File "C:\Users\javie\OneDrive\Escritorio\healthcare\venv\Lib\site-packages\django\core\handlers\exception.py", line 55, in inner
    response = get_response(request)
               ^^^^^^^^^^^^^^^^^^^^^
  File "C:\Users\javie\OneDrive\Escritorio\healthcare\venv\Lib\site-packages\django\core\handlers\base.py", line 197, in _get_response
    response = wrapped_callback(request, *callback_args, **callback_kwargs)
               ^^^^^^^^^^^^^^^^^^^^^^^^^^^^^^^^^^^^^^^^^^^^^^^^^^^^^^^^^^^^
  File "C:\Users\javie\OneDrive\Escritorio\healthcare\venv\Lib\site-packages\django\contrib\auth\decorators.py", line 59, in _view_wrapper
    return view_func(request, *args, **kwargs)
           ^^^^^^^^^^^^^^^^^^^^^^^^^^^^^^^^^^^
  File "C:\Users\javie\OneDrive\Escritorio\healthcare\accounts\views.py", line 39, in profile_view
    if request.methond == 'POST':
       ^^^^^^^^^^^^^^^
AttributeError: 'WSGIRequest' object has no attribute 'methond'
ERROR 2025-05-01 22:53:27,235 basehttp "GET /accounts/profile/ HTTP/1.1" 500 76388
INFO 2025-05-01 22:53:48,580 basehttp "GET /translate/ HTTP/1.1" 200 18012
ERROR 2025-05-01 22:53:50,590 log Internal Server Error: /accounts/profile/
Traceback (most recent call last):
  File "C:\Users\javie\OneDrive\Escritorio\healthcare\venv\Lib\site-packages\django\core\handlers\exception.py", line 55, in inner
    response = get_response(request)
               ^^^^^^^^^^^^^^^^^^^^^
  File "C:\Users\javie\OneDrive\Escritorio\healthcare\venv\Lib\site-packages\django\core\handlers\base.py", line 197, in _get_response
    response = wrapped_callback(request, *callback_args, **callback_kwargs)
               ^^^^^^^^^^^^^^^^^^^^^^^^^^^^^^^^^^^^^^^^^^^^^^^^^^^^^^^^^^^^
  File "C:\Users\javie\OneDrive\Escritorio\healthcare\venv\Lib\site-packages\django\contrib\auth\decorators.py", line 59, in _view_wrapper
    return view_func(request, *args, **kwargs)
           ^^^^^^^^^^^^^^^^^^^^^^^^^^^^^^^^^^^
  File "C:\Users\javie\OneDrive\Escritorio\healthcare\accounts\views.py", line 39, in profile_view
    if request.methond == 'POST':
       ^^^^^^^^^^^^^^^
AttributeError: 'WSGIRequest' object has no attribute 'methond'
ERROR 2025-05-01 22:53:50,591 basehttp "GET /accounts/profile/ HTTP/1.1" 500 76549
ERROR 2025-05-01 22:54:01,440 log Internal Server Error: /accounts/profile/
Traceback (most recent call last):
  File "C:\Users\javie\OneDrive\Escritorio\healthcare\venv\Lib\site-packages\django\core\handlers\exception.py", line 55, in inner
    response = get_response(request)
               ^^^^^^^^^^^^^^^^^^^^^
  File "C:\Users\javie\OneDrive\Escritorio\healthcare\venv\Lib\site-packages\django\core\handlers\base.py", line 197, in _get_response
    response = wrapped_callback(request, *callback_args, **callback_kwargs)
               ^^^^^^^^^^^^^^^^^^^^^^^^^^^^^^^^^^^^^^^^^^^^^^^^^^^^^^^^^^^^
  File "C:\Users\javie\OneDrive\Escritorio\healthcare\venv\Lib\site-packages\django\contrib\auth\decorators.py", line 59, in _view_wrapper
    return view_func(request, *args, **kwargs)
           ^^^^^^^^^^^^^^^^^^^^^^^^^^^^^^^^^^^
  File "C:\Users\javie\OneDrive\Escritorio\healthcare\accounts\views.py", line 39, in profile_view
    if request.methond == 'POST':
       ^^^^^^^^^^^^^^^
AttributeError: 'WSGIRequest' object has no attribute 'methond'
ERROR 2025-05-01 22:54:01,441 basehttp "GET /accounts/profile/ HTTP/1.1" 500 76814
ERROR 2025-05-01 22:54:09,227 log Internal Server Error: /accounts/profile/
Traceback (most recent call last):
  File "C:\Users\javie\OneDrive\Escritorio\healthcare\venv\Lib\site-packages\django\core\handlers\exception.py", line 55, in inner
    response = get_response(request)
               ^^^^^^^^^^^^^^^^^^^^^
  File "C:\Users\javie\OneDrive\Escritorio\healthcare\venv\Lib\site-packages\django\core\handlers\base.py", line 197, in _get_response
    response = wrapped_callback(request, *callback_args, **callback_kwargs)
               ^^^^^^^^^^^^^^^^^^^^^^^^^^^^^^^^^^^^^^^^^^^^^^^^^^^^^^^^^^^^
  File "C:\Users\javie\OneDrive\Escritorio\healthcare\venv\Lib\site-packages\django\contrib\auth\decorators.py", line 59, in _view_wrapper
    return view_func(request, *args, **kwargs)
           ^^^^^^^^^^^^^^^^^^^^^^^^^^^^^^^^^^^
  File "C:\Users\javie\OneDrive\Escritorio\healthcare\accounts\views.py", line 39, in profile_view
    if request.methond == 'POST':
       ^^^^^^^^^^^^^^^
AttributeError: 'WSGIRequest' object has no attribute 'methond'
ERROR 2025-05-01 22:54:09,228 basehttp "GET /accounts/profile/ HTTP/1.1" 500 76814
INFO 2025-05-01 22:54:10,416 basehttp "GET /translate/ HTTP/1.1" 200 18009
ERROR 2025-05-01 22:54:12,133 log Internal Server Error: /accounts/profile/
Traceback (most recent call last):
  File "C:\Users\javie\OneDrive\Escritorio\healthcare\venv\Lib\site-packages\django\core\handlers\exception.py", line 55, in inner
    response = get_response(request)
               ^^^^^^^^^^^^^^^^^^^^^
  File "C:\Users\javie\OneDrive\Escritorio\healthcare\venv\Lib\site-packages\django\core\handlers\base.py", line 197, in _get_response
    response = wrapped_callback(request, *callback_args, **callback_kwargs)
               ^^^^^^^^^^^^^^^^^^^^^^^^^^^^^^^^^^^^^^^^^^^^^^^^^^^^^^^^^^^^
  File "C:\Users\javie\OneDrive\Escritorio\healthcare\venv\Lib\site-packages\django\contrib\auth\decorators.py", line 59, in _view_wrapper
    return view_func(request, *args, **kwargs)
           ^^^^^^^^^^^^^^^^^^^^^^^^^^^^^^^^^^^
  File "C:\Users\javie\OneDrive\Escritorio\healthcare\accounts\views.py", line 39, in profile_view
    if request.methond == 'POST':
       ^^^^^^^^^^^^^^^
AttributeError: 'WSGIRequest' object has no attribute 'methond'
ERROR 2025-05-01 22:54:12,135 basehttp "GET /accounts/profile/ HTTP/1.1" 500 76549
INFO 2025-05-01 22:54:24,821 autoreload C:\Users\javie\OneDrive\Escritorio\healthcare\accounts\views.py changed, reloading.
INFO 2025-05-01 22:54:25,268 autoreload Watching for file changes with StatReloader
ERROR 2025-05-01 22:54:26,978 log Internal Server Error: /accounts/profile/
Traceback (most recent call last):
  File "C:\Users\javie\OneDrive\Escritorio\healthcare\venv\Lib\site-packages\django\core\handlers\exception.py", line 55, in inner
    response = get_response(request)
               ^^^^^^^^^^^^^^^^^^^^^
  File "C:\Users\javie\OneDrive\Escritorio\healthcare\venv\Lib\site-packages\django\core\handlers\base.py", line 204, in _get_response
    self.check_response(response, callback)
  File "C:\Users\javie\OneDrive\Escritorio\healthcare\venv\Lib\site-packages\django\core\handlers\base.py", line 332, in check_response
    raise ValueError(
ValueError: The view accounts.views.profile_view didn't return an HttpResponse object. It returned None instead.
ERROR 2025-05-01 22:54:26,979 basehttp "GET /accounts/profile/ HTTP/1.1" 500 72648
INFO 2025-05-01 22:55:14,402 autoreload C:\Users\javie\OneDrive\Escritorio\healthcare\accounts\views.py changed, reloading.
INFO 2025-05-01 22:55:14,824 autoreload Watching for file changes with StatReloader
ERROR 2025-05-01 22:55:16,328 log Internal Server Error: /accounts/profile/
Traceback (most recent call last):
  File "C:\Users\javie\OneDrive\Escritorio\healthcare\venv\Lib\site-packages\django\core\handlers\exception.py", line 55, in inner
    response = get_response(request)
               ^^^^^^^^^^^^^^^^^^^^^
  File "C:\Users\javie\OneDrive\Escritorio\healthcare\venv\Lib\site-packages\django\core\handlers\base.py", line 204, in _get_response
    self.check_response(response, callback)
  File "C:\Users\javie\OneDrive\Escritorio\healthcare\venv\Lib\site-packages\django\core\handlers\base.py", line 332, in check_response
    raise ValueError(
ValueError: The view accounts.views.profile_view didn't return an HttpResponse object. It returned None instead.
ERROR 2025-05-01 22:55:16,330 basehttp "GET /accounts/profile/ HTTP/1.1" 500 72648
INFO 2025-05-01 22:55:17,732 basehttp "GET /translate/ HTTP/1.1" 200 18009
ERROR 2025-05-01 22:55:20,118 log Internal Server Error: /accounts/profile/
Traceback (most recent call last):
  File "C:\Users\javie\OneDrive\Escritorio\healthcare\venv\Lib\site-packages\django\core\handlers\exception.py", line 55, in inner
    response = get_response(request)
               ^^^^^^^^^^^^^^^^^^^^^
  File "C:\Users\javie\OneDrive\Escritorio\healthcare\venv\Lib\site-packages\django\core\handlers\base.py", line 204, in _get_response
    self.check_response(response, callback)
  File "C:\Users\javie\OneDrive\Escritorio\healthcare\venv\Lib\site-packages\django\core\handlers\base.py", line 332, in check_response
    raise ValueError(
ValueError: The view accounts.views.profile_view didn't return an HttpResponse object. It returned None instead.
ERROR 2025-05-01 22:55:20,119 basehttp "GET /accounts/profile/ HTTP/1.1" 500 72383
INFO 2025-05-01 22:56:31,716 autoreload C:\Users\javie\OneDrive\Escritorio\healthcare\accounts\views.py changed, reloading.
INFO 2025-05-01 22:56:32,110 autoreload Watching for file changes with StatReloader
INFO 2025-05-01 22:56:34,519 basehttp "GET /translate/ HTTP/1.1" 200 18009
ERROR 2025-05-01 22:56:36,310 log Internal Server Error: /accounts/profile/
Traceback (most recent call last):
  File "C:\Users\javie\OneDrive\Escritorio\healthcare\venv\Lib\site-packages\django\core\handlers\exception.py", line 55, in inner
    response = get_response(request)
               ^^^^^^^^^^^^^^^^^^^^^
  File "C:\Users\javie\OneDrive\Escritorio\healthcare\venv\Lib\site-packages\django\core\handlers\base.py", line 197, in _get_response
    response = wrapped_callback(request, *callback_args, **callback_kwargs)
               ^^^^^^^^^^^^^^^^^^^^^^^^^^^^^^^^^^^^^^^^^^^^^^^^^^^^^^^^^^^^
  File "C:\Users\javie\OneDrive\Escritorio\healthcare\venv\Lib\site-packages\django\contrib\auth\decorators.py", line 59, in _view_wrapper
    return view_func(request, *args, **kwargs)
           ^^^^^^^^^^^^^^^^^^^^^^^^^^^^^^^^^^^
  File "C:\Users\javie\OneDrive\Escritorio\healthcare\accounts\views.py", line 45, in profile_view
    form= UserProfileForm(isinstance= request.user)
          ^^^^^^^^^^^^^^^^^^^^^^^^^^^^^^^^^^^^^^^^^
  File "C:\Users\javie\OneDrive\Escritorio\healthcare\venv\Lib\site-packages\django\contrib\auth\forms.py", line 307, in __init__
    super().__init__(*args, **kwargs)
TypeError: BaseModelForm.__init__() got an unexpected keyword argument 'isinstance'
ERROR 2025-05-01 22:56:36,312 basehttp "GET /accounts/profile/ HTTP/1.1" 500 81117
INFO 2025-05-01 22:57:42,833 autoreload C:\Users\javie\OneDrive\Escritorio\healthcare\accounts\views.py changed, reloading.
INFO 2025-05-01 22:57:43,275 autoreload Watching for file changes with StatReloader
INFO 2025-05-01 22:57:45,327 basehttp "GET /translate/ HTTP/1.1" 200 18009
INFO 2025-05-01 22:57:47,086 basehttp "GET /accounts/profile/ HTTP/1.1" 200 226
INFO 2025-05-01 23:00:16,524 basehttp "GET /translate/ HTTP/1.1" 200 18016
INFO 2025-05-01 23:00:17,679 basehttp "GET /translate/ HTTP/1.1" 200 18016
INFO 2025-05-01 23:00:27,007 basehttp "GET /translate/ HTTP/1.1" 200 18016
INFO 2025-05-01 23:00:28,860 basehttp "GET /translate/ HTTP/1.1" 200 18016
INFO 2025-05-01 23:00:29,674 basehttp "GET / HTTP/1.1" 200 13325
INFO 2025-05-01 23:00:46,967 basehttp "GET /translate/ HTTP/1.1" 200 18016
INFO 2025-05-01 23:02:00,420 basehttp "POST /translate/ HTTP/1.1" 200 118
INFO 2025-05-01 23:02:03,693 basehttp "POST /translate/ HTTP/1.1" 200 99
INFO 2025-05-01 23:02:13,043 basehttp "POST /translate/ HTTP/1.1" 200 99
INFO 2025-05-01 23:02:37,907 basehttp "POST /translate/ HTTP/1.1" 200 95
INFO 2025-05-01 23:03:20,552 basehttp "GET /translate/ HTTP/1.1" 200 16267
WARNING 2025-05-01 23:03:20,985 log Not Found: /favicon.ico
WARNING 2025-05-01 23:03:20,986 basehttp "GET /favicon.ico HTTP/1.1" 404 3763
INFO 2025-05-01 23:03:23,159 basehttp "GET / HTTP/1.1" 200 11725
INFO 2025-05-01 23:03:24,378 basehttp "GET /accounts/login/ HTTP/1.1" 200 13001
INFO 2025-05-01 23:03:35,508 basehttp "POST /accounts/login/ HTTP/1.1" 302 0
INFO 2025-05-01 23:03:35,516 basehttp "GET / HTTP/1.1" 200 13326
INFO 2025-05-01 23:03:38,352 basehttp "GET /translate/ HTTP/1.1" 200 18017
INFO 2025-05-01 23:03:57,242 basehttp "POST /translate/ HTTP/1.1" 200 122
INFO 2025-05-01 23:05:02,190 basehttp "GET / HTTP/1.1" 200 13326
INFO 2025-05-01 23:05:25,903 basehttp "GET / HTTP/1.1" 200 13096
WARNING 2025-05-01 23:05:26,250 log Not Found: /favicon.ico
WARNING 2025-05-01 23:05:26,251 basehttp "GET /favicon.ico HTTP/1.1" 404 3763
INFO 2025-05-01 23:05:27,394 basehttp "GET /translate/ HTTP/1.1" 200 17787
INFO 2025-05-01 23:05:28,229 basehttp "GET / HTTP/1.1" 200 13096
INFO 2025-05-01 23:05:29,054 basehttp "GET /translate/ HTTP/1.1" 200 17787
INFO 2025-05-01 23:05:29,651 basehttp "GET / HTTP/1.1" 200 13096
INFO 2025-05-01 23:05:31,437 basehttp "POST /accounts/logout/ HTTP/1.1" 302 0
INFO 2025-05-01 23:05:31,441 basehttp "GET / HTTP/1.1" 200 11725
INFO 2025-05-01 23:05:32,440 basehttp "GET /accounts/login/ HTTP/1.1" 200 13001
INFO 2025-05-01 23:05:34,211 basehttp "GET /accounts/register/ HTTP/1.1" 200 14998
INFO 2025-05-01 23:05:38,800 basehttp "GET / HTTP/1.1" 200 11725
INFO 2025-05-01 23:07:13,047 autoreload C:\Users\javie\OneDrive\Escritorio\healthcare\accounts\urls.py changed, reloading.
INFO 2025-05-01 23:07:13,526 autoreload Watching for file changes with StatReloader
INFO 2025-05-01 23:07:17,367 basehttp "GET / HTTP/1.1" 200 11725
WARNING 2025-05-01 23:07:17,702 log Not Found: /favicon.ico
WARNING 2025-05-01 23:07:17,703 basehttp "GET /favicon.ico HTTP/1.1" 404 3763
ERROR 2025-05-01 23:07:20,309 log Internal Server Error: /accounts/login/
Traceback (most recent call last):
  File "C:\Users\javie\OneDrive\Escritorio\healthcare\venv\Lib\site-packages\django\core\handlers\exception.py", line 55, in inner
    response = get_response(request)
               ^^^^^^^^^^^^^^^^^^^^^
  File "C:\Users\javie\OneDrive\Escritorio\healthcare\venv\Lib\site-packages\django\core\handlers\base.py", line 197, in _get_response
    response = wrapped_callback(request, *callback_args, **callback_kwargs)
               ^^^^^^^^^^^^^^^^^^^^^^^^^^^^^^^^^^^^^^^^^^^^^^^^^^^^^^^^^^^^
  File "C:\Users\javie\OneDrive\Escritorio\healthcare\accounts\views.py", line 35, in login_view
    return render(request, 'accounts/login.html', {'form':form})
           ^^^^^^^^^^^^^^^^^^^^^^^^^^^^^^^^^^^^^^^^^^^^^^^^^^^^^
  File "C:\Users\javie\OneDrive\Escritorio\healthcare\venv\Lib\site-packages\django\shortcuts.py", line 25, in render
    content = loader.render_to_string(template_name, context, request, using=using)
              ^^^^^^^^^^^^^^^^^^^^^^^^^^^^^^^^^^^^^^^^^^^^^^^^^^^^^^^^^^^^^^^^^^^^^
  File "C:\Users\javie\OneDrive\Escritorio\healthcare\venv\Lib\site-packages\django\template\loader.py", line 62, in render_to_string
    return template.render(context, request)
           ^^^^^^^^^^^^^^^^^^^^^^^^^^^^^^^^^
  File "C:\Users\javie\OneDrive\Escritorio\healthcare\venv\Lib\site-packages\django\template\backends\django.py", line 107, in render
    return self.template.render(context)
           ^^^^^^^^^^^^^^^^^^^^^^^^^^^^^
  File "C:\Users\javie\OneDrive\Escritorio\healthcare\venv\Lib\site-packages\django\template\base.py", line 171, in render
    return self._render(context)
           ^^^^^^^^^^^^^^^^^^^^^
  File "C:\Users\javie\OneDrive\Escritorio\healthcare\venv\Lib\site-packages\django\template\base.py", line 163, in _render
    return self.nodelist.render(context)
           ^^^^^^^^^^^^^^^^^^^^^^^^^^^^^
  File "C:\Users\javie\OneDrive\Escritorio\healthcare\venv\Lib\site-packages\django\template\base.py", line 1016, in render
    return SafeString("".join([node.render_annotated(context) for node in self]))
                              ^^^^^^^^^^^^^^^^^^^^^^^^^^^^^^^^^^^^^^^^^^^^^^^^^
  File "C:\Users\javie\OneDrive\Escritorio\healthcare\venv\Lib\site-packages\django\template\base.py", line 1016, in <listcomp>
    return SafeString("".join([node.render_annotated(context) for node in self]))
                               ^^^^^^^^^^^^^^^^^^^^^^^^^^^^^^
  File "C:\Users\javie\OneDrive\Escritorio\healthcare\venv\Lib\site-packages\django\template\base.py", line 977, in render_annotated
    return self.render(context)
           ^^^^^^^^^^^^^^^^^^^^
  File "C:\Users\javie\OneDrive\Escritorio\healthcare\venv\Lib\site-packages\django\template\loader_tags.py", line 159, in render
    return compiled_parent._render(context)
           ^^^^^^^^^^^^^^^^^^^^^^^^^^^^^^^^
  File "C:\Users\javie\OneDrive\Escritorio\healthcare\venv\Lib\site-packages\django\template\base.py", line 163, in _render
    return self.nodelist.render(context)
           ^^^^^^^^^^^^^^^^^^^^^^^^^^^^^
  File "C:\Users\javie\OneDrive\Escritorio\healthcare\venv\Lib\site-packages\django\template\base.py", line 1016, in render
    return SafeString("".join([node.render_annotated(context) for node in self]))
                              ^^^^^^^^^^^^^^^^^^^^^^^^^^^^^^^^^^^^^^^^^^^^^^^^^
  File "C:\Users\javie\OneDrive\Escritorio\healthcare\venv\Lib\site-packages\django\template\base.py", line 1016, in <listcomp>
    return SafeString("".join([node.render_annotated(context) for node in self]))
                               ^^^^^^^^^^^^^^^^^^^^^^^^^^^^^^
  File "C:\Users\javie\OneDrive\Escritorio\healthcare\venv\Lib\site-packages\django\template\base.py", line 977, in render_annotated
    return self.render(context)
           ^^^^^^^^^^^^^^^^^^^^
  File "C:\Users\javie\OneDrive\Escritorio\healthcare\venv\Lib\site-packages\django\template\loader_tags.py", line 65, in render
    result = block.nodelist.render(context)
             ^^^^^^^^^^^^^^^^^^^^^^^^^^^^^^
  File "C:\Users\javie\OneDrive\Escritorio\healthcare\venv\Lib\site-packages\django\template\base.py", line 1016, in render
    return SafeString("".join([node.render_annotated(context) for node in self]))
                              ^^^^^^^^^^^^^^^^^^^^^^^^^^^^^^^^^^^^^^^^^^^^^^^^^
  File "C:\Users\javie\OneDrive\Escritorio\healthcare\venv\Lib\site-packages\django\template\base.py", line 1016, in <listcomp>
    return SafeString("".join([node.render_annotated(context) for node in self]))
                               ^^^^^^^^^^^^^^^^^^^^^^^^^^^^^^
  File "C:\Users\javie\OneDrive\Escritorio\healthcare\venv\Lib\site-packages\django\template\base.py", line 977, in render_annotated
    return self.render(context)
           ^^^^^^^^^^^^^^^^^^^^
  File "C:\Users\javie\OneDrive\Escritorio\healthcare\venv\Lib\site-packages\django\template\defaulttags.py", line 480, in render
    url = reverse(view_name, args=args, kwargs=kwargs, current_app=current_app)
          ^^^^^^^^^^^^^^^^^^^^^^^^^^^^^^^^^^^^^^^^^^^^^^^^^^^^^^^^^^^^^^^^^^^^^
  File "C:\Users\javie\OneDrive\Escritorio\healthcare\venv\Lib\site-packages\django\urls\base.py", line 98, in reverse
    resolved_url = resolver._reverse_with_prefix(view, prefix, *args, **kwargs)
                   ^^^^^^^^^^^^^^^^^^^^^^^^^^^^^^^^^^^^^^^^^^^^^^^^^^^^^^^^^^^^
  File "C:\Users\javie\OneDrive\Escritorio\healthcare\venv\Lib\site-packages\django\urls\resolvers.py", line 831, in _reverse_with_prefix
    raise NoReverseMatch(msg)
django.urls.exceptions.NoReverseMatch: Reverse for 'password_change' not found. 'password_change' is not a valid view function or pattern name.
ERROR 2025-05-01 23:07:20,315 basehttp "GET /accounts/login/ HTTP/1.1" 500 171137
INFO 2025-05-01 23:07:35,976 autoreload C:\Users\javie\OneDrive\Escritorio\healthcare\accounts\urls.py changed, reloading.
INFO 2025-05-01 23:07:36,395 autoreload Watching for file changes with StatReloader
INFO 2025-05-01 23:13:10,835 basehttp "GET /accounts/register/ HTTP/1.1" 200 14757
INFO 2025-05-01 23:27:19,486 autoreload Watching for file changes with StatReloader
INFO 2025-05-01 23:27:35,841 autoreload Watching for file changes with StatReloader
INFO 2025-05-01 23:27:38,981 basehttp "GET / HTTP/1.1" 200 11725
INFO 2025-05-01 23:58:47,304 basehttp "GET / HTTP/1.1" 200 13096
INFO 2025-05-01 23:58:50,277 basehttp "GET /translate/ HTTP/1.1" 200 17787
INFO 2025-05-01 23:59:07,487 basehttp "POST /translate/ HTTP/1.1" 200 65
INFO 2025-05-02 01:17:22,820 autoreload Watching for file changes with StatReloader
INFO 2025-05-02 01:17:58,121 basehttp "GET / HTTP/1.1" 200 11725
INFO 2025-05-02 01:17:59,184 basehttp "GET /accounts/login/ HTTP/1.1" 200 13001
INFO 2025-05-02 01:18:08,272 basehttp "POST /accounts/login/ HTTP/1.1" 302 0
INFO 2025-05-02 01:18:08,278 basehttp "GET / HTTP/1.1" 200 13096
INFO 2025-05-02 01:18:09,364 basehttp "GET /translate/ HTTP/1.1" 200 17787
INFO 2025-05-02 01:18:15,282 basehttp "POST /translate/ HTTP/1.1" 200 79
INFO 2025-05-02 01:19:10,335 basehttp "GET / HTTP/1.1" 200 13096
INFO 2025-05-02 01:19:11,517 basehttp "GET /translate/ HTTP/1.1" 200 17787
INFO 2025-05-02 01:19:21,474 basehttp "POST /translate/ HTTP/1.1" 200 81
INFO 2025-05-02 01:43:27,607 autoreload C:\Users\javie\OneDrive\Escritorio\healthcaretranslationwebappwithgenerativeAI\healthcare\settings.py changed, reloading.
INFO 2025-05-02 01:43:28,106 autoreload Watching for file changes with StatReloader
INFO 2025-05-02 01:44:02,917 autoreload C:\Users\javie\OneDrive\Escritorio\healthcaretranslationwebappwithgenerativeAI\healthcare\settings.py changed, reloading.
INFO 2025-05-02 01:44:03,638 autoreload Watching for file changes with StatReloader
